Week,Company,Ticker,Hired,Dismissed,Open Positions
2020-01-26 00:00:00,Activision Blizzard Inc,ATVI,12,12,51
2020-01-26 00:00:00,Adobe Inc.,ADBE,37,8,66
2020-01-26 00:00:00,Advanced Micro Devices Inc,AMD,4,11,171
2020-01-26 00:00:00,Align Technology Inc,ALGN,20,12,90
2020-01-26 00:00:00,Alexion Pharmaceuticals Inc,ALXN,19,5,162
2020-01-26 00:00:00,Amazon.com Inc,AMZN,33,7,35
2020-01-26 00:00:00,Amgen Inc,AMGN,14,3,175
2020-01-26 00:00:00,American Airlines Group Inc,AAL,4,11,50
2020-01-26 00:00:00,Analog Devices Inc,ADI,34,3,111
2020-01-26 00:00:00,Apple Inc,AAPL,40,6,103
2020-01-26 00:00:00,Applied Materials Inc,AMAT,5,3,71
2020-01-26 00:00:00,ASML Holding NV,ASML,24,6,89
2020-01-26 00:00:00,Autodesk Inc,ADSK,11,3,172
2020-01-26 00:00:00,Automatic Data Processing Inc,ADP,12,4,110
2020-01-26 00:00:00,Broadcom Inc,AVGO,24,2,101
2020-01-26 00:00:00,Baidu Inc,BIDU,29,12,146
2020-01-26 00:00:00,Biogen Inc,BIIB,17,10,42
2020-01-26 00:00:00,Biomarin Pharmaceutical Inc,BMRN,39,11,99
2020-01-26 00:00:00,Cadence Design Systems Inc,CDNS,27,5,30
2020-01-26 00:00:00,Cerner Corp,CERN,3,14,70
2020-01-26 00:00:00,Check Point Software Technologies Ltd,CHKP,26,10,36
2020-01-26 00:00:00,Charter Communications Inc,CHTR,12,11,54
2020-01-26 00:00:00,Trip.com Group Ltd,TCOM,40,15,126
2020-01-26 00:00:00,Cintas Corp,CTAS,31,4,87
2020-01-26 00:00:00,Cisco Systems Inc,CSCO,7,5,131
2020-01-26 00:00:00,Citrix Systems Inc,CTXS,8,6,35
2020-01-26 00:00:00,Comcast Corp,CMCSA,36,2,126
2020-01-26 00:00:00,Costco Wholesale Corp,COST,30,10,74
2020-01-26 00:00:00,CSX Corp,CSX,33,7,50
2020-01-26 00:00:00,Cognizant Technology Solutions Corp,CTSH,9,12,131
2020-01-26 00:00:00,Dollar Tree Inc,DLTR,8,12,156
2020-01-26 00:00:00,Electronic Arts,EA,11,11,143
2020-01-26 00:00:00,eBay Inc,EBAY,17,8,36
2020-01-26 00:00:00,Exelon Corp,EXC,29,10,66
2020-01-26 00:00:00,Expedia Group Inc,EXPE,11,11,131
2020-01-26 00:00:00,Fastenal Co,FAST,40,15,183
2020-01-26 00:00:00,Facebook,FB,38,13,138
2020-01-26 00:00:00,Fiserv Inc,FISV,16,8,142
2020-01-26 00:00:00,Gilead Sciences Inc,GILD,30,3,157
2020-01-26 00:00:00,Alphabet,GOOG,38,15,111
2020-01-26 00:00:00,Hasbro Inc,HAS,31,4,15
2020-01-26 00:00:00,Henry Schein Inc,HSIC,14,4,113
2020-01-26 00:00:00,Illumina Inc,ILMN,13,12,138
2020-01-26 00:00:00,Incyte Corp,INCY,21,9,50
2020-01-26 00:00:00,Intel Corp,INTC,20,7,59
2020-01-26 00:00:00,Intuit Inc,INTU,31,8,168
2020-01-26 00:00:00,Intuitive Surgical Inc,ISRG,16,3,65
2020-01-26 00:00:00,IDEXX Laboratories Inc,IDXX,8,14,39
2020-01-26 00:00:00,J.B. Hunt Transport Services Inc,JBHT,35,6,36
2020-01-26 00:00:00,JD.com Inc,JD,32,10,46
2020-01-26 00:00:00,KLA Corp,KLAC,11,15,121
2020-01-26 00:00:00,Kraft Heinz Co,KHC,20,8,87
2020-01-26 00:00:00,Lam Research Corp,LRCX,27,13,148
2020-01-26 00:00:00,Liberty Global PLC,LBTYA,15,3,40
2020-01-26 00:00:00,Liberty Global PLC,LBTYA,10,11,111
2020-01-26 00:00:00,Lululemon Athletica Inc,LULU,36,15,190
2020-01-26 00:00:00,Mercadolibre Inc,MELI,28,6,50
2020-01-26 00:00:00,Marriott International Inc,MAR,12,12,132
2020-01-26 00:00:00,Microchip Technology Inc,MCHP,8,8,101
2020-01-26 00:00:00,Mondelez International Inc,MDLZ,11,12,184
2020-01-26 00:00:00,Monster Beverage Corp,MNST,20,2,63
2020-01-26 00:00:00,Microsoft Corp,MSFT,14,12,159
2020-01-26 00:00:00,Micron Technology Inc,MU,20,15,139
2020-01-26 00:00:00,Maxim Integrated Products Inc,MXIM,29,6,189
2020-01-26 00:00:00,Mylan NV,MYL,6,10,165
2020-01-26 00:00:00,NetApp Inc,NTAP,28,10,53
2020-01-26 00:00:00,Netflix Inc,NFLX,15,7,148
2020-01-26 00:00:00,NetEase Inc,NTES,14,11,152
2020-01-26 00:00:00,NVIDIA Corp,NVDA,35,14,25
2020-01-26 00:00:00,NXP Semiconductors NV,NXPI,37,6,106
2020-01-26 00:00:00,O’Reilly Automotive Inc,ORLY,16,13,57
2020-01-26 00:00:00,Paychex Inc,PAYX,12,5,54
2020-01-26 00:00:00,Paccar Inc,PCAR,4,3,41
2020-01-26 00:00:00,Booking Holdings Inc,BKNG,15,6,114
2020-01-26 00:00:00,PayPal Holdings Inc,PYPL,29,14,137
2020-01-26 00:00:00,PepsiCo Inc.,PEP,38,11,160
2020-01-26 00:00:00,Qualcomm Inc,QCOM,13,1,83
2020-01-26 00:00:00,Regeneron Pharmaceuticals Inc,REGN,4,7,120
2020-01-26 00:00:00,Ross Stores Inc,ROST,5,4,100
2020-01-26 00:00:00,Sirius XM Holdings Inc,SIRI,39,12,84
2020-01-26 00:00:00,Skyworks Solutions Inc,SWKS,8,6,129
2020-01-26 00:00:00,Starbucks Corp,SBUX,3,13,111
2020-01-26 00:00:00,NortonLifeLock Inc,NLOK,7,13,77
2020-01-26 00:00:00,Synopsys Inc,SNPS,34,9,23
2020-01-26 00:00:00,Take-Two Interactive Software Inc,TTWO,9,12,23
2020-01-26 00:00:00,Tesla Inc,TSLA,3,14,163
2020-01-26 00:00:00,Texas Instruments Inc,TXN,34,13,127
2020-01-26 00:00:00,T-Mobile US Inc,TMUS,36,10,129
2020-01-26 00:00:00,Ulta Beauty Inc,ULTA,32,5,103
2020-01-26 00:00:00,United Airlines Holdings Inc,UAL,38,8,103
2020-01-26 00:00:00,Verisign Inc,VRSN,9,6,30
2020-01-26 00:00:00,Verisk Analytics Inc,VRSK,9,7,90
2020-01-26 00:00:00,Vertex Pharmaceuticals Inc,VRTX,6,7,165
2020-01-26 00:00:00,Walgreens Boots Alliance Inc,WBA,19,3,86
2020-01-26 00:00:00,Western Digital Corp,WDC,29,13,59
2020-01-26 00:00:00,Workday Inc,WDAY,8,8,139
2020-01-26 00:00:00,Wynn Resorts Ltd,WYNN,25,11,74
2020-01-26 00:00:00,Xcel Energy Inc,XEL,15,12,105
2020-01-26 00:00:00,Xilinx Inc,XLNX,14,6,112
2020-02-02 00:00:00,Activision Blizzard Inc,ATVI,28,1,158
2020-02-02 00:00:00,Adobe Inc.,ADBE,37,15,182
2020-02-02 00:00:00,Advanced Micro Devices Inc,AMD,37,14,103
2020-02-02 00:00:00,Align Technology Inc,ALGN,7,9,119
2020-02-02 00:00:00,Alexion Pharmaceuticals Inc,ALXN,29,15,22
2020-02-02 00:00:00,Amazon.com Inc,AMZN,26,3,160
2020-02-02 00:00:00,Amgen Inc,AMGN,24,7,183
2020-02-02 00:00:00,American Airlines Group Inc,AAL,28,1,184
2020-02-02 00:00:00,Analog Devices Inc,ADI,10,4,40
2020-02-02 00:00:00,Apple Inc,AAPL,23,15,71
2020-02-02 00:00:00,Applied Materials Inc,AMAT,20,5,87
2020-02-02 00:00:00,ASML Holding NV,ASML,19,8,23
2020-02-02 00:00:00,Autodesk Inc,ADSK,9,15,63
2020-02-02 00:00:00,Automatic Data Processing Inc,ADP,13,5,56
2020-02-02 00:00:00,Broadcom Inc,AVGO,19,9,155
2020-02-02 00:00:00,Baidu Inc,BIDU,24,9,15
2020-02-02 00:00:00,Biogen Inc,BIIB,17,2,53
2020-02-02 00:00:00,Biomarin Pharmaceutical Inc,BMRN,35,13,51
2020-02-02 00:00:00,Cadence Design Systems Inc,CDNS,3,5,165
2020-02-02 00:00:00,Cerner Corp,CERN,30,9,43
2020-02-02 00:00:00,Check Point Software Technologies Ltd,CHKP,34,11,174
2020-02-02 00:00:00,Charter Communications Inc,CHTR,3,13,72
2020-02-02 00:00:00,Trip.com Group Ltd,TCOM,18,13,83
2020-02-02 00:00:00,Cintas Corp,CTAS,20,4,127
2020-02-02 00:00:00,Cisco Systems Inc,CSCO,9,1,181
2020-02-02 00:00:00,Citrix Systems Inc,CTXS,36,7,79
2020-02-02 00:00:00,Comcast Corp,CMCSA,31,5,156
2020-02-02 00:00:00,Costco Wholesale Corp,COST,21,8,109
2020-02-02 00:00:00,CSX Corp,CSX,23,15,34
2020-02-02 00:00:00,Cognizant Technology Solutions Corp,CTSH,11,2,41
2020-02-02 00:00:00,Dollar Tree Inc,DLTR,13,11,185
2020-02-02 00:00:00,Electronic Arts,EA,20,14,45
2020-02-02 00:00:00,eBay Inc,EBAY,25,4,28
2020-02-02 00:00:00,Exelon Corp,EXC,22,6,41
2020-02-02 00:00:00,Expedia Group Inc,EXPE,27,1,113
2020-02-02 00:00:00,Fastenal Co,FAST,19,8,174
2020-02-02 00:00:00,Facebook,FB,6,11,40
2020-02-02 00:00:00,Fiserv Inc,FISV,7,5,71
2020-02-02 00:00:00,Gilead Sciences Inc,GILD,35,4,125
2020-02-02 00:00:00,Alphabet,GOOG,7,3,179
2020-02-02 00:00:00,Hasbro Inc,HAS,8,13,32
2020-02-02 00:00:00,Henry Schein Inc,HSIC,9,5,117
2020-02-02 00:00:00,Illumina Inc,ILMN,10,7,128
2020-02-02 00:00:00,Incyte Corp,INCY,15,6,84
2020-02-02 00:00:00,Intel Corp,INTC,23,7,172
2020-02-02 00:00:00,Intuit Inc,INTU,4,5,87
2020-02-02 00:00:00,Intuitive Surgical Inc,ISRG,6,2,141
2020-02-02 00:00:00,IDEXX Laboratories Inc,IDXX,5,12,43
2020-02-02 00:00:00,J.B. Hunt Transport Services Inc,JBHT,8,7,104
2020-02-02 00:00:00,JD.com Inc,JD,21,2,130
2020-02-02 00:00:00,KLA Corp,KLAC,19,10,190
2020-02-02 00:00:00,Kraft Heinz Co,KHC,4,5,183
2020-02-02 00:00:00,Lam Research Corp,LRCX,34,13,118
2020-02-02 00:00:00,Liberty Global PLC,LBTYA,11,9,112
2020-02-02 00:00:00,Liberty Global PLC,LBTYA,38,11,88
2020-02-02 00:00:00,Lululemon Athletica Inc,LULU,34,14,35
2020-02-02 00:00:00,Mercadolibre Inc,MELI,38,3,147
2020-02-02 00:00:00,Marriott International Inc,MAR,15,5,171
2020-02-02 00:00:00,Microchip Technology Inc,MCHP,4,9,34
2020-02-02 00:00:00,Mondelez International Inc,MDLZ,40,2,99
2020-02-02 00:00:00,Monster Beverage Corp,MNST,39,13,63
2020-02-02 00:00:00,Microsoft Corp,MSFT,32,8,67
2020-02-02 00:00:00,Micron Technology Inc,MU,22,1,18
2020-02-02 00:00:00,Maxim Integrated Products Inc,MXIM,8,10,64
2020-02-02 00:00:00,Mylan NV,MYL,3,9,55
2020-02-02 00:00:00,NetApp Inc,NTAP,22,10,37
2020-02-02 00:00:00,Netflix Inc,NFLX,35,8,151
2020-02-02 00:00:00,NetEase Inc,NTES,39,6,182
2020-02-02 00:00:00,NVIDIA Corp,NVDA,3,2,106
2020-02-02 00:00:00,NXP Semiconductors NV,NXPI,34,13,155
2020-02-02 00:00:00,O’Reilly Automotive Inc,ORLY,17,12,38
2020-02-02 00:00:00,Paychex Inc,PAYX,18,11,117
2020-02-02 00:00:00,Paccar Inc,PCAR,12,14,45
2020-02-02 00:00:00,Booking Holdings Inc,BKNG,29,3,77
2020-02-02 00:00:00,PayPal Holdings Inc,PYPL,18,6,133
2020-02-02 00:00:00,PepsiCo Inc.,PEP,37,1,129
2020-02-02 00:00:00,Qualcomm Inc,QCOM,14,11,122
2020-02-02 00:00:00,Regeneron Pharmaceuticals Inc,REGN,10,9,50
2020-02-02 00:00:00,Ross Stores Inc,ROST,17,7,26
2020-02-02 00:00:00,Sirius XM Holdings Inc,SIRI,6,14,143
2020-02-02 00:00:00,Skyworks Solutions Inc,SWKS,25,15,145
2020-02-02 00:00:00,Starbucks Corp,SBUX,36,6,174
2020-02-02 00:00:00,NortonLifeLock Inc,NLOK,29,1,70
2020-02-02 00:00:00,Synopsys Inc,SNPS,38,6,31
2020-02-02 00:00:00,Take-Two Interactive Software Inc,TTWO,6,11,128
2020-02-02 00:00:00,Tesla Inc,TSLA,11,5,186
2020-02-02 00:00:00,Texas Instruments Inc,TXN,22,3,123
2020-02-02 00:00:00,T-Mobile US Inc,TMUS,4,5,145
2020-02-02 00:00:00,Ulta Beauty Inc,ULTA,18,8,154
2020-02-02 00:00:00,United Airlines Holdings Inc,UAL,39,15,34
2020-02-02 00:00:00,Verisign Inc,VRSN,26,15,71
2020-02-02 00:00:00,Verisk Analytics Inc,VRSK,17,12,177
2020-02-02 00:00:00,Vertex Pharmaceuticals Inc,VRTX,20,4,78
2020-02-02 00:00:00,Walgreens Boots Alliance Inc,WBA,3,10,185
2020-02-02 00:00:00,Western Digital Corp,WDC,28,6,26
2020-02-02 00:00:00,Workday Inc,WDAY,35,11,34
2020-02-02 00:00:00,Wynn Resorts Ltd,WYNN,31,1,74
2020-02-02 00:00:00,Xcel Energy Inc,XEL,9,14,131
2020-02-02 00:00:00,Xilinx Inc,XLNX,28,14,31
2020-02-09 00:00:00,Activision Blizzard Inc,ATVI,13,15,138
2020-02-09 00:00:00,Adobe Inc.,ADBE,13,10,32
2020-02-09 00:00:00,Advanced Micro Devices Inc,AMD,24,13,179
2020-02-09 00:00:00,Align Technology Inc,ALGN,11,1,29
2020-02-09 00:00:00,Alexion Pharmaceuticals Inc,ALXN,10,8,159
2020-02-09 00:00:00,Amazon.com Inc,AMZN,35,14,107
2020-02-09 00:00:00,Amgen Inc,AMGN,35,15,21
2020-02-09 00:00:00,American Airlines Group Inc,AAL,15,2,106
2020-02-09 00:00:00,Analog Devices Inc,ADI,14,5,120
2020-02-09 00:00:00,Apple Inc,AAPL,13,13,131
2020-02-09 00:00:00,Applied Materials Inc,AMAT,40,7,51
2020-02-09 00:00:00,ASML Holding NV,ASML,32,5,154
2020-02-09 00:00:00,Autodesk Inc,ADSK,9,14,26
2020-02-09 00:00:00,Automatic Data Processing Inc,ADP,37,3,33
2020-02-09 00:00:00,Broadcom Inc,AVGO,39,3,84
2020-02-09 00:00:00,Baidu Inc,BIDU,40,11,61
2020-02-09 00:00:00,Biogen Inc,BIIB,26,15,107
2020-02-09 00:00:00,Biomarin Pharmaceutical Inc,BMRN,39,4,54
2020-02-09 00:00:00,Cadence Design Systems Inc,CDNS,23,13,96
2020-02-09 00:00:00,Cerner Corp,CERN,8,12,66
2020-02-09 00:00:00,Check Point Software Technologies Ltd,CHKP,10,4,141
2020-02-09 00:00:00,Charter Communications Inc,CHTR,27,15,71
2020-02-09 00:00:00,Trip.com Group Ltd,TCOM,5,15,173
2020-02-09 00:00:00,Cintas Corp,CTAS,39,5,180
2020-02-09 00:00:00,Cisco Systems Inc,CSCO,10,13,189
2020-02-09 00:00:00,Citrix Systems Inc,CTXS,14,10,120
2020-02-09 00:00:00,Comcast Corp,CMCSA,35,5,101
2020-02-09 00:00:00,Costco Wholesale Corp,COST,21,1,127
2020-02-09 00:00:00,CSX Corp,CSX,15,2,156
2020-02-09 00:00:00,Cognizant Technology Solutions Corp,CTSH,34,4,77
2020-02-09 00:00:00,Dollar Tree Inc,DLTR,19,7,136
2020-02-09 00:00:00,Electronic Arts,EA,19,14,26
2020-02-09 00:00:00,eBay Inc,EBAY,8,12,162
2020-02-09 00:00:00,Exelon Corp,EXC,26,8,156
2020-02-09 00:00:00,Expedia Group Inc,EXPE,38,5,92
2020-02-09 00:00:00,Fastenal Co,FAST,33,6,35
2020-02-09 00:00:00,Facebook,FB,3,2,88
2020-02-09 00:00:00,Fiserv Inc,FISV,36,15,142
2020-02-09 00:00:00,Gilead Sciences Inc,GILD,28,12,47
2020-02-09 00:00:00,Alphabet,GOOG,38,7,29
2020-02-09 00:00:00,Hasbro Inc,HAS,37,14,99
2020-02-09 00:00:00,Henry Schein Inc,HSIC,23,10,70
2020-02-09 00:00:00,Illumina Inc,ILMN,4,4,154
2020-02-09 00:00:00,Incyte Corp,INCY,11,7,104
2020-02-09 00:00:00,Intel Corp,INTC,27,9,131
2020-02-09 00:00:00,Intuit Inc,INTU,26,1,80
2020-02-09 00:00:00,Intuitive Surgical Inc,ISRG,14,11,162
2020-02-09 00:00:00,IDEXX Laboratories Inc,IDXX,39,11,79
2020-02-09 00:00:00,J.B. Hunt Transport Services Inc,JBHT,29,8,135
2020-02-09 00:00:00,JD.com Inc,JD,28,10,72
2020-02-09 00:00:00,KLA Corp,KLAC,16,3,117
2020-02-09 00:00:00,Kraft Heinz Co,KHC,28,1,76
2020-02-09 00:00:00,Lam Research Corp,LRCX,21,14,56
2020-02-09 00:00:00,Liberty Global PLC,LBTYA,7,13,157
2020-02-09 00:00:00,Liberty Global PLC,LBTYA,19,8,186
2020-02-09 00:00:00,Lululemon Athletica Inc,LULU,4,13,170
2020-02-09 00:00:00,Mercadolibre Inc,MELI,19,14,116
2020-02-09 00:00:00,Marriott International Inc,MAR,17,3,24
2020-02-09 00:00:00,Microchip Technology Inc,MCHP,31,10,138
2020-02-09 00:00:00,Mondelez International Inc,MDLZ,38,2,17
2020-02-09 00:00:00,Monster Beverage Corp,MNST,30,9,64
2020-02-09 00:00:00,Microsoft Corp,MSFT,7,13,25
2020-02-09 00:00:00,Micron Technology Inc,MU,20,6,164
2020-02-09 00:00:00,Maxim Integrated Products Inc,MXIM,12,4,74
2020-02-09 00:00:00,Mylan NV,MYL,12,1,190
2020-02-09 00:00:00,NetApp Inc,NTAP,6,5,80
2020-02-09 00:00:00,Netflix Inc,NFLX,36,13,93
2020-02-09 00:00:00,NetEase Inc,NTES,30,11,141
2020-02-09 00:00:00,NVIDIA Corp,NVDA,22,2,34
2020-02-09 00:00:00,NXP Semiconductors NV,NXPI,19,2,70
2020-02-09 00:00:00,O’Reilly Automotive Inc,ORLY,26,10,20
2020-02-09 00:00:00,Paychex Inc,PAYX,30,8,17
2020-02-09 00:00:00,Paccar Inc,PCAR,33,9,47
2020-02-09 00:00:00,Booking Holdings Inc,BKNG,36,4,177
2020-02-09 00:00:00,PayPal Holdings Inc,PYPL,30,9,26
2020-02-09 00:00:00,PepsiCo Inc.,PEP,36,13,153
2020-02-09 00:00:00,Qualcomm Inc,QCOM,38,14,80
2020-02-09 00:00:00,Regeneron Pharmaceuticals Inc,REGN,38,15,59
2020-02-09 00:00:00,Ross Stores Inc,ROST,9,7,71
2020-02-09 00:00:00,Sirius XM Holdings Inc,SIRI,19,6,22
2020-02-09 00:00:00,Skyworks Solutions Inc,SWKS,32,1,106
2020-02-09 00:00:00,Starbucks Corp,SBUX,15,8,147
2020-02-09 00:00:00,NortonLifeLock Inc,NLOK,3,2,130
2020-02-09 00:00:00,Synopsys Inc,SNPS,25,12,106
2020-02-09 00:00:00,Take-Two Interactive Software Inc,TTWO,35,1,135
2020-02-09 00:00:00,Tesla Inc,TSLA,36,10,164
2020-02-09 00:00:00,Texas Instruments Inc,TXN,37,12,27
2020-02-09 00:00:00,T-Mobile US Inc,TMUS,10,5,61
2020-02-09 00:00:00,Ulta Beauty Inc,ULTA,22,2,149
2020-02-09 00:00:00,United Airlines Holdings Inc,UAL,7,5,168
2020-02-09 00:00:00,Verisign Inc,VRSN,18,10,30
2020-02-09 00:00:00,Verisk Analytics Inc,VRSK,6,2,63
2020-02-09 00:00:00,Vertex Pharmaceuticals Inc,VRTX,11,15,54
2020-02-09 00:00:00,Walgreens Boots Alliance Inc,WBA,39,11,88
2020-02-09 00:00:00,Western Digital Corp,WDC,8,12,22
2020-02-09 00:00:00,Workday Inc,WDAY,19,5,84
2020-02-09 00:00:00,Wynn Resorts Ltd,WYNN,16,6,61
2020-02-09 00:00:00,Xcel Energy Inc,XEL,24,6,51
2020-02-09 00:00:00,Xilinx Inc,XLNX,16,8,143
2020-02-16 00:00:00,Activision Blizzard Inc,ATVI,28,4,127
2020-02-16 00:00:00,Adobe Inc.,ADBE,19,15,71
2020-02-16 00:00:00,Advanced Micro Devices Inc,AMD,7,5,32
2020-02-16 00:00:00,Align Technology Inc,ALGN,10,4,133
2020-02-16 00:00:00,Alexion Pharmaceuticals Inc,ALXN,6,4,154
2020-02-16 00:00:00,Amazon.com Inc,AMZN,22,13,74
2020-02-16 00:00:00,Amgen Inc,AMGN,22,9,164
2020-02-16 00:00:00,American Airlines Group Inc,AAL,26,2,35
2020-02-16 00:00:00,Analog Devices Inc,ADI,15,3,61
2020-02-16 00:00:00,Apple Inc,AAPL,12,5,128
2020-02-16 00:00:00,Applied Materials Inc,AMAT,18,13,69
2020-02-16 00:00:00,ASML Holding NV,ASML,6,7,165
2020-02-16 00:00:00,Autodesk Inc,ADSK,3,15,28
2020-02-16 00:00:00,Automatic Data Processing Inc,ADP,40,15,100
2020-02-16 00:00:00,Broadcom Inc,AVGO,32,8,101
2020-02-16 00:00:00,Baidu Inc,BIDU,9,9,28
2020-02-16 00:00:00,Biogen Inc,BIIB,28,6,18
2020-02-16 00:00:00,Biomarin Pharmaceutical Inc,BMRN,24,14,20
2020-02-16 00:00:00,Cadence Design Systems Inc,CDNS,14,6,172
2020-02-16 00:00:00,Cerner Corp,CERN,12,5,68
2020-02-16 00:00:00,Check Point Software Technologies Ltd,CHKP,26,10,185
2020-02-16 00:00:00,Charter Communications Inc,CHTR,20,12,167
2020-02-16 00:00:00,Trip.com Group Ltd,TCOM,23,8,38
2020-02-16 00:00:00,Cintas Corp,CTAS,36,4,139
2020-02-16 00:00:00,Cisco Systems Inc,CSCO,31,9,125
2020-02-16 00:00:00,Citrix Systems Inc,CTXS,40,4,148
2020-02-16 00:00:00,Comcast Corp,CMCSA,11,11,62
2020-02-16 00:00:00,Costco Wholesale Corp,COST,29,9,163
2020-02-16 00:00:00,CSX Corp,CSX,27,2,66
2020-02-16 00:00:00,Cognizant Technology Solutions Corp,CTSH,40,8,93
2020-02-16 00:00:00,Dollar Tree Inc,DLTR,14,8,177
2020-02-16 00:00:00,Electronic Arts,EA,26,6,45
2020-02-16 00:00:00,eBay Inc,EBAY,38,3,35
2020-02-16 00:00:00,Exelon Corp,EXC,16,1,44
2020-02-16 00:00:00,Expedia Group Inc,EXPE,32,3,55
2020-02-16 00:00:00,Fastenal Co,FAST,25,4,116
2020-02-16 00:00:00,Facebook,FB,6,5,103
2020-02-16 00:00:00,Fiserv Inc,FISV,14,10,86
2020-02-16 00:00:00,Gilead Sciences Inc,GILD,35,11,92
2020-02-16 00:00:00,Alphabet,GOOG,14,8,80
2020-02-16 00:00:00,Hasbro Inc,HAS,16,8,153
2020-02-16 00:00:00,Henry Schein Inc,HSIC,28,9,53
2020-02-16 00:00:00,Illumina Inc,ILMN,15,2,27
2020-02-16 00:00:00,Incyte Corp,INCY,25,13,93
2020-02-16 00:00:00,Intel Corp,INTC,24,13,51
2020-02-16 00:00:00,Intuit Inc,INTU,15,5,63
2020-02-16 00:00:00,Intuitive Surgical Inc,ISRG,15,5,48
2020-02-16 00:00:00,IDEXX Laboratories Inc,IDXX,39,6,41
2020-02-16 00:00:00,J.B. Hunt Transport Services Inc,JBHT,39,7,159
2020-02-16 00:00:00,JD.com Inc,JD,15,8,186
2020-02-16 00:00:00,KLA Corp,KLAC,7,13,167
2020-02-16 00:00:00,Kraft Heinz Co,KHC,40,5,16
2020-02-16 00:00:00,Lam Research Corp,LRCX,32,15,87
2020-02-16 00:00:00,Liberty Global PLC,LBTYA,37,7,188
2020-02-16 00:00:00,Liberty Global PLC,LBTYA,33,13,98
2020-02-16 00:00:00,Lululemon Athletica Inc,LULU,9,15,128
2020-02-16 00:00:00,Mercadolibre Inc,MELI,34,5,141
2020-02-16 00:00:00,Marriott International Inc,MAR,40,4,42
2020-02-16 00:00:00,Microchip Technology Inc,MCHP,11,3,94
2020-02-16 00:00:00,Mondelez International Inc,MDLZ,18,13,91
2020-02-16 00:00:00,Monster Beverage Corp,MNST,12,11,30
2020-02-16 00:00:00,Microsoft Corp,MSFT,3,11,48
2020-02-16 00:00:00,Micron Technology Inc,MU,36,9,28
2020-02-16 00:00:00,Maxim Integrated Products Inc,MXIM,14,14,136
2020-02-16 00:00:00,Mylan NV,MYL,21,3,118
2020-02-16 00:00:00,NetApp Inc,NTAP,17,3,118
2020-02-16 00:00:00,Netflix Inc,NFLX,24,14,159
2020-02-16 00:00:00,NetEase Inc,NTES,16,9,159
2020-02-16 00:00:00,NVIDIA Corp,NVDA,25,2,30
2020-02-16 00:00:00,NXP Semiconductors NV,NXPI,29,5,95
2020-02-16 00:00:00,O’Reilly Automotive Inc,ORLY,5,14,155
2020-02-16 00:00:00,Paychex Inc,PAYX,26,15,178
2020-02-16 00:00:00,Paccar Inc,PCAR,31,9,77
2020-02-16 00:00:00,Booking Holdings Inc,BKNG,28,14,157
2020-02-16 00:00:00,PayPal Holdings Inc,PYPL,37,5,159
2020-02-16 00:00:00,PepsiCo Inc.,PEP,10,7,183
2020-02-16 00:00:00,Qualcomm Inc,QCOM,26,11,148
2020-02-16 00:00:00,Regeneron Pharmaceuticals Inc,REGN,7,4,60
2020-02-16 00:00:00,Ross Stores Inc,ROST,11,8,114
2020-02-16 00:00:00,Sirius XM Holdings Inc,SIRI,7,11,164
2020-02-16 00:00:00,Skyworks Solutions Inc,SWKS,29,11,165
2020-02-16 00:00:00,Starbucks Corp,SBUX,33,10,58
2020-02-16 00:00:00,NortonLifeLock Inc,NLOK,25,7,183
2020-02-16 00:00:00,Synopsys Inc,SNPS,5,2,140
2020-02-16 00:00:00,Take-Two Interactive Software Inc,TTWO,4,9,62
2020-02-16 00:00:00,Tesla Inc,TSLA,33,3,135
2020-02-16 00:00:00,Texas Instruments Inc,TXN,31,9,161
2020-02-16 00:00:00,T-Mobile US Inc,TMUS,11,2,183
2020-02-16 00:00:00,Ulta Beauty Inc,ULTA,19,8,21
2020-02-16 00:00:00,United Airlines Holdings Inc,UAL,27,8,94
2020-02-16 00:00:00,Verisign Inc,VRSN,17,2,104
2020-02-16 00:00:00,Verisk Analytics Inc,VRSK,34,6,144
2020-02-16 00:00:00,Vertex Pharmaceuticals Inc,VRTX,12,7,75
2020-02-16 00:00:00,Walgreens Boots Alliance Inc,WBA,23,9,41
2020-02-16 00:00:00,Western Digital Corp,WDC,3,15,77
2020-02-16 00:00:00,Workday Inc,WDAY,30,2,49
2020-02-16 00:00:00,Wynn Resorts Ltd,WYNN,13,3,101
2020-02-16 00:00:00,Xcel Energy Inc,XEL,30,8,21
2020-02-16 00:00:00,Xilinx Inc,XLNX,26,12,117
2020-02-23 00:00:00,Activision Blizzard Inc,ATVI,30,2,178
2020-02-23 00:00:00,Adobe Inc.,ADBE,15,8,80
2020-02-23 00:00:00,Advanced Micro Devices Inc,AMD,17,5,183
2020-02-23 00:00:00,Align Technology Inc,ALGN,28,6,154
2020-02-23 00:00:00,Alexion Pharmaceuticals Inc,ALXN,26,1,174
2020-02-23 00:00:00,Amazon.com Inc,AMZN,31,10,92
2020-02-23 00:00:00,Amgen Inc,AMGN,5,2,155
2020-02-23 00:00:00,American Airlines Group Inc,AAL,16,9,165
2020-02-23 00:00:00,Analog Devices Inc,ADI,6,8,185
2020-02-23 00:00:00,Apple Inc,AAPL,22,2,168
2020-02-23 00:00:00,Applied Materials Inc,AMAT,24,8,189
2020-02-23 00:00:00,ASML Holding NV,ASML,39,2,172
2020-02-23 00:00:00,Autodesk Inc,ADSK,40,12,89
2020-02-23 00:00:00,Automatic Data Processing Inc,ADP,31,13,159
2020-02-23 00:00:00,Broadcom Inc,AVGO,25,2,87
2020-02-23 00:00:00,Baidu Inc,BIDU,6,15,45
2020-02-23 00:00:00,Biogen Inc,BIIB,16,7,104
2020-02-23 00:00:00,Biomarin Pharmaceutical Inc,BMRN,6,14,34
2020-02-23 00:00:00,Cadence Design Systems Inc,CDNS,24,10,42
2020-02-23 00:00:00,Cerner Corp,CERN,13,1,35
2020-02-23 00:00:00,Check Point Software Technologies Ltd,CHKP,8,12,59
2020-02-23 00:00:00,Charter Communications Inc,CHTR,26,5,21
2020-02-23 00:00:00,Trip.com Group Ltd,TCOM,39,11,157
2020-02-23 00:00:00,Cintas Corp,CTAS,22,12,186
2020-02-23 00:00:00,Cisco Systems Inc,CSCO,27,1,36
2020-02-23 00:00:00,Citrix Systems Inc,CTXS,27,10,132
2020-02-23 00:00:00,Comcast Corp,CMCSA,32,5,106
2020-02-23 00:00:00,Costco Wholesale Corp,COST,22,10,51
2020-02-23 00:00:00,CSX Corp,CSX,14,6,110
2020-02-23 00:00:00,Cognizant Technology Solutions Corp,CTSH,40,2,105
2020-02-23 00:00:00,Dollar Tree Inc,DLTR,10,3,29
2020-02-23 00:00:00,Electronic Arts,EA,39,7,142
2020-02-23 00:00:00,eBay Inc,EBAY,6,11,177
2020-02-23 00:00:00,Exelon Corp,EXC,37,12,75
2020-02-23 00:00:00,Expedia Group Inc,EXPE,10,10,169
2020-02-23 00:00:00,Fastenal Co,FAST,15,6,74
2020-02-23 00:00:00,Facebook,FB,24,9,135
2020-02-23 00:00:00,Fiserv Inc,FISV,39,13,107
2020-02-23 00:00:00,Gilead Sciences Inc,GILD,20,3,25
2020-02-23 00:00:00,Alphabet,GOOG,19,6,101
2020-02-23 00:00:00,Hasbro Inc,HAS,34,10,48
2020-02-23 00:00:00,Henry Schein Inc,HSIC,35,4,44
2020-02-23 00:00:00,Illumina Inc,ILMN,10,3,61
2020-02-23 00:00:00,Incyte Corp,INCY,8,2,116
2020-02-23 00:00:00,Intel Corp,INTC,9,8,39
2020-02-23 00:00:00,Intuit Inc,INTU,21,4,43
2020-02-23 00:00:00,Intuitive Surgical Inc,ISRG,17,12,168
2020-02-23 00:00:00,IDEXX Laboratories Inc,IDXX,11,14,144
2020-02-23 00:00:00,J.B. Hunt Transport Services Inc,JBHT,21,5,43
2020-02-23 00:00:00,JD.com Inc,JD,22,9,80
2020-02-23 00:00:00,KLA Corp,KLAC,36,7,18
2020-02-23 00:00:00,Kraft Heinz Co,KHC,8,11,40
2020-02-23 00:00:00,Lam Research Corp,LRCX,26,3,167
2020-02-23 00:00:00,Liberty Global PLC,LBTYA,8,8,80
2020-02-23 00:00:00,Liberty Global PLC,LBTYA,20,5,83
2020-02-23 00:00:00,Lululemon Athletica Inc,LULU,22,9,130
2020-02-23 00:00:00,Mercadolibre Inc,MELI,13,1,102
2020-02-23 00:00:00,Marriott International Inc,MAR,21,1,180
2020-02-23 00:00:00,Microchip Technology Inc,MCHP,39,14,170
2020-02-23 00:00:00,Mondelez International Inc,MDLZ,14,6,190
2020-02-23 00:00:00,Monster Beverage Corp,MNST,15,11,146
2020-02-23 00:00:00,Microsoft Corp,MSFT,31,13,136
2020-02-23 00:00:00,Micron Technology Inc,MU,13,1,29
2020-02-23 00:00:00,Maxim Integrated Products Inc,MXIM,24,7,170
2020-02-23 00:00:00,Mylan NV,MYL,37,3,147
2020-02-23 00:00:00,NetApp Inc,NTAP,17,13,177
2020-02-23 00:00:00,Netflix Inc,NFLX,27,12,33
2020-02-23 00:00:00,NetEase Inc,NTES,19,11,122
2020-02-23 00:00:00,NVIDIA Corp,NVDA,14,2,53
2020-02-23 00:00:00,NXP Semiconductors NV,NXPI,31,12,179
2020-02-23 00:00:00,O’Reilly Automotive Inc,ORLY,31,7,127
2020-02-23 00:00:00,Paychex Inc,PAYX,38,14,53
2020-02-23 00:00:00,Paccar Inc,PCAR,40,9,68
2020-02-23 00:00:00,Booking Holdings Inc,BKNG,28,10,118
2020-02-23 00:00:00,PayPal Holdings Inc,PYPL,14,1,184
2020-02-23 00:00:00,PepsiCo Inc.,PEP,5,4,151
2020-02-23 00:00:00,Qualcomm Inc,QCOM,16,7,126
2020-02-23 00:00:00,Regeneron Pharmaceuticals Inc,REGN,23,11,141
2020-02-23 00:00:00,Ross Stores Inc,ROST,32,15,180
2020-02-23 00:00:00,Sirius XM Holdings Inc,SIRI,16,4,108
2020-02-23 00:00:00,Skyworks Solutions Inc,SWKS,35,2,115
2020-02-23 00:00:00,Starbucks Corp,SBUX,25,14,151
2020-02-23 00:00:00,NortonLifeLock Inc,NLOK,36,7,84
2020-02-23 00:00:00,Synopsys Inc,SNPS,37,9,126
2020-02-23 00:00:00,Take-Two Interactive Software Inc,TTWO,33,4,188
2020-02-23 00:00:00,Tesla Inc,TSLA,26,11,79
2020-02-23 00:00:00,Texas Instruments Inc,TXN,38,8,56
2020-02-23 00:00:00,T-Mobile US Inc,TMUS,34,6,49
2020-02-23 00:00:00,Ulta Beauty Inc,ULTA,16,5,49
2020-02-23 00:00:00,United Airlines Holdings Inc,UAL,23,13,172
2020-02-23 00:00:00,Verisign Inc,VRSN,18,15,130
2020-02-23 00:00:00,Verisk Analytics Inc,VRSK,30,9,92
2020-02-23 00:00:00,Vertex Pharmaceuticals Inc,VRTX,6,1,180
2020-02-23 00:00:00,Walgreens Boots Alliance Inc,WBA,37,12,100
2020-02-23 00:00:00,Western Digital Corp,WDC,34,7,126
2020-02-23 00:00:00,Workday Inc,WDAY,6,14,143
2020-02-23 00:00:00,Wynn Resorts Ltd,WYNN,26,3,90
2020-02-23 00:00:00,Xcel Energy Inc,XEL,11,8,150
2020-02-23 00:00:00,Xilinx Inc,XLNX,5,13,42
2020-03-01 00:00:00,Activision Blizzard Inc,ATVI,10,5,66
2020-03-01 00:00:00,Adobe Inc.,ADBE,24,4,102
2020-03-01 00:00:00,Advanced Micro Devices Inc,AMD,12,4,140
2020-03-01 00:00:00,Align Technology Inc,ALGN,15,8,67
2020-03-01 00:00:00,Alexion Pharmaceuticals Inc,ALXN,28,12,34
2020-03-01 00:00:00,Amazon.com Inc,AMZN,7,12,28
2020-03-01 00:00:00,Amgen Inc,AMGN,37,9,76
2020-03-01 00:00:00,American Airlines Group Inc,AAL,8,14,142
2020-03-01 00:00:00,Analog Devices Inc,ADI,28,5,75
2020-03-01 00:00:00,Apple Inc,AAPL,28,13,55
2020-03-01 00:00:00,Applied Materials Inc,AMAT,34,3,68
2020-03-01 00:00:00,ASML Holding NV,ASML,23,6,74
2020-03-01 00:00:00,Autodesk Inc,ADSK,23,13,84
2020-03-01 00:00:00,Automatic Data Processing Inc,ADP,31,13,67
2020-03-01 00:00:00,Broadcom Inc,AVGO,26,12,145
2020-03-01 00:00:00,Baidu Inc,BIDU,7,7,190
2020-03-01 00:00:00,Biogen Inc,BIIB,31,6,136
2020-03-01 00:00:00,Biomarin Pharmaceutical Inc,BMRN,16,7,185
2020-03-01 00:00:00,Cadence Design Systems Inc,CDNS,12,11,135
2020-03-01 00:00:00,Cerner Corp,CERN,20,12,121
2020-03-01 00:00:00,Check Point Software Technologies Ltd,CHKP,5,13,128
2020-03-01 00:00:00,Charter Communications Inc,CHTR,22,13,87
2020-03-01 00:00:00,Trip.com Group Ltd,TCOM,31,3,141
2020-03-01 00:00:00,Cintas Corp,CTAS,10,9,33
2020-03-01 00:00:00,Cisco Systems Inc,CSCO,28,4,75
2020-03-01 00:00:00,Citrix Systems Inc,CTXS,22,9,69
2020-03-01 00:00:00,Comcast Corp,CMCSA,33,5,190
2020-03-01 00:00:00,Costco Wholesale Corp,COST,36,8,41
2020-03-01 00:00:00,CSX Corp,CSX,36,9,106
2020-03-01 00:00:00,Cognizant Technology Solutions Corp,CTSH,11,10,129
2020-03-01 00:00:00,Dollar Tree Inc,DLTR,28,5,44
2020-03-01 00:00:00,Electronic Arts,EA,27,14,166
2020-03-01 00:00:00,eBay Inc,EBAY,35,5,46
2020-03-01 00:00:00,Exelon Corp,EXC,8,4,177
2020-03-01 00:00:00,Expedia Group Inc,EXPE,28,12,129
2020-03-01 00:00:00,Fastenal Co,FAST,24,2,110
2020-03-01 00:00:00,Facebook,FB,9,8,120
2020-03-01 00:00:00,Fiserv Inc,FISV,37,1,163
2020-03-01 00:00:00,Gilead Sciences Inc,GILD,10,8,178
2020-03-01 00:00:00,Alphabet,GOOG,7,4,38
2020-03-01 00:00:00,Hasbro Inc,HAS,3,12,57
2020-03-01 00:00:00,Henry Schein Inc,HSIC,5,9,112
2020-03-01 00:00:00,Illumina Inc,ILMN,13,13,42
2020-03-01 00:00:00,Incyte Corp,INCY,38,1,157
2020-03-01 00:00:00,Intel Corp,INTC,16,4,48
2020-03-01 00:00:00,Intuit Inc,INTU,4,5,167
2020-03-01 00:00:00,Intuitive Surgical Inc,ISRG,16,6,185
2020-03-01 00:00:00,IDEXX Laboratories Inc,IDXX,29,13,174
2020-03-01 00:00:00,J.B. Hunt Transport Services Inc,JBHT,30,2,64
2020-03-01 00:00:00,JD.com Inc,JD,23,13,38
2020-03-01 00:00:00,KLA Corp,KLAC,26,10,124
2020-03-01 00:00:00,Kraft Heinz Co,KHC,34,8,23
2020-03-01 00:00:00,Lam Research Corp,LRCX,37,15,163
2020-03-01 00:00:00,Liberty Global PLC,LBTYA,4,8,147
2020-03-01 00:00:00,Liberty Global PLC,LBTYA,20,7,100
2020-03-01 00:00:00,Lululemon Athletica Inc,LULU,6,2,85
2020-03-01 00:00:00,Mercadolibre Inc,MELI,26,3,111
2020-03-01 00:00:00,Marriott International Inc,MAR,6,9,166
2020-03-01 00:00:00,Microchip Technology Inc,MCHP,27,12,146
2020-03-01 00:00:00,Mondelez International Inc,MDLZ,8,8,175
2020-03-01 00:00:00,Monster Beverage Corp,MNST,32,8,27
2020-03-01 00:00:00,Microsoft Corp,MSFT,31,1,178
2020-03-01 00:00:00,Micron Technology Inc,MU,11,6,116
2020-03-01 00:00:00,Maxim Integrated Products Inc,MXIM,5,1,16
2020-03-01 00:00:00,Mylan NV,MYL,5,14,45
2020-03-01 00:00:00,NetApp Inc,NTAP,11,4,98
2020-03-01 00:00:00,Netflix Inc,NFLX,16,12,152
2020-03-01 00:00:00,NetEase Inc,NTES,18,6,43
2020-03-01 00:00:00,NVIDIA Corp,NVDA,24,4,15
2020-03-01 00:00:00,NXP Semiconductors NV,NXPI,9,13,98
2020-03-01 00:00:00,O’Reilly Automotive Inc,ORLY,20,1,117
2020-03-01 00:00:00,Paychex Inc,PAYX,25,10,186
2020-03-01 00:00:00,Paccar Inc,PCAR,7,14,64
2020-03-01 00:00:00,Booking Holdings Inc,BKNG,33,4,121
2020-03-01 00:00:00,PayPal Holdings Inc,PYPL,29,11,16
2020-03-01 00:00:00,PepsiCo Inc.,PEP,20,1,174
2020-03-01 00:00:00,Qualcomm Inc,QCOM,4,6,190
2020-03-01 00:00:00,Regeneron Pharmaceuticals Inc,REGN,15,9,57
2020-03-01 00:00:00,Ross Stores Inc,ROST,38,11,166
2020-03-01 00:00:00,Sirius XM Holdings Inc,SIRI,18,5,97
2020-03-01 00:00:00,Skyworks Solutions Inc,SWKS,25,11,188
2020-03-01 00:00:00,Starbucks Corp,SBUX,18,9,34
2020-03-01 00:00:00,NortonLifeLock Inc,NLOK,33,9,98
2020-03-01 00:00:00,Synopsys Inc,SNPS,19,6,142
2020-03-01 00:00:00,Take-Two Interactive Software Inc,TTWO,27,11,125
2020-03-01 00:00:00,Tesla Inc,TSLA,13,10,155
2020-03-01 00:00:00,Texas Instruments Inc,TXN,8,2,71
2020-03-01 00:00:00,T-Mobile US Inc,TMUS,4,8,33
2020-03-01 00:00:00,Ulta Beauty Inc,ULTA,29,10,64
2020-03-01 00:00:00,United Airlines Holdings Inc,UAL,24,10,100
2020-03-01 00:00:00,Verisign Inc,VRSN,37,3,42
2020-03-01 00:00:00,Verisk Analytics Inc,VRSK,29,13,107
2020-03-01 00:00:00,Vertex Pharmaceuticals Inc,VRTX,34,1,15
2020-03-01 00:00:00,Walgreens Boots Alliance Inc,WBA,16,6,73
2020-03-01 00:00:00,Western Digital Corp,WDC,30,5,180
2020-03-01 00:00:00,Workday Inc,WDAY,9,13,161
2020-03-01 00:00:00,Wynn Resorts Ltd,WYNN,34,9,165
2020-03-01 00:00:00,Xcel Energy Inc,XEL,3,13,70
2020-03-01 00:00:00,Xilinx Inc,XLNX,16,4,90
2020-03-08 00:00:00,Activision Blizzard Inc,ATVI,37,13,142
2020-03-08 00:00:00,Adobe Inc.,ADBE,6,3,84
2020-03-08 00:00:00,Advanced Micro Devices Inc,AMD,23,10,24
2020-03-08 00:00:00,Align Technology Inc,ALGN,11,14,140
2020-03-08 00:00:00,Alexion Pharmaceuticals Inc,ALXN,32,6,20
2020-03-08 00:00:00,Amazon.com Inc,AMZN,30,12,69
2020-03-08 00:00:00,Amgen Inc,AMGN,30,7,43
2020-03-08 00:00:00,American Airlines Group Inc,AAL,30,12,152
2020-03-08 00:00:00,Analog Devices Inc,ADI,20,8,34
2020-03-08 00:00:00,Apple Inc,AAPL,28,13,76
2020-03-08 00:00:00,Applied Materials Inc,AMAT,24,4,97
2020-03-08 00:00:00,ASML Holding NV,ASML,8,7,89
2020-03-08 00:00:00,Autodesk Inc,ADSK,20,15,149
2020-03-08 00:00:00,Automatic Data Processing Inc,ADP,39,5,36
2020-03-08 00:00:00,Broadcom Inc,AVGO,36,5,122
2020-03-08 00:00:00,Baidu Inc,BIDU,12,3,170
2020-03-08 00:00:00,Biogen Inc,BIIB,5,2,18
2020-03-08 00:00:00,Biomarin Pharmaceutical Inc,BMRN,3,10,87
2020-03-08 00:00:00,Cadence Design Systems Inc,CDNS,37,12,43
2020-03-08 00:00:00,Cerner Corp,CERN,5,15,48
2020-03-08 00:00:00,Check Point Software Technologies Ltd,CHKP,8,15,132
2020-03-08 00:00:00,Charter Communications Inc,CHTR,24,11,101
2020-03-08 00:00:00,Trip.com Group Ltd,TCOM,14,3,161
2020-03-08 00:00:00,Cintas Corp,CTAS,8,9,178
2020-03-08 00:00:00,Cisco Systems Inc,CSCO,23,7,175
2020-03-08 00:00:00,Citrix Systems Inc,CTXS,15,3,125
2020-03-08 00:00:00,Comcast Corp,CMCSA,10,14,84
2020-03-08 00:00:00,Costco Wholesale Corp,COST,6,12,15
2020-03-08 00:00:00,CSX Corp,CSX,28,15,65
2020-03-08 00:00:00,Cognizant Technology Solutions Corp,CTSH,34,7,106
2020-03-08 00:00:00,Dollar Tree Inc,DLTR,18,7,100
2020-03-08 00:00:00,Electronic Arts,EA,11,14,114
2020-03-08 00:00:00,eBay Inc,EBAY,24,1,85
2020-03-08 00:00:00,Exelon Corp,EXC,3,8,172
2020-03-08 00:00:00,Expedia Group Inc,EXPE,40,7,50
2020-03-08 00:00:00,Fastenal Co,FAST,22,11,83
2020-03-08 00:00:00,Facebook,FB,4,4,56
2020-03-08 00:00:00,Fiserv Inc,FISV,15,7,101
2020-03-08 00:00:00,Gilead Sciences Inc,GILD,39,11,27
2020-03-08 00:00:00,Alphabet,GOOG,7,3,144
2020-03-08 00:00:00,Hasbro Inc,HAS,17,7,107
2020-03-08 00:00:00,Henry Schein Inc,HSIC,18,2,189
2020-03-08 00:00:00,Illumina Inc,ILMN,38,7,142
2020-03-08 00:00:00,Incyte Corp,INCY,11,5,50
2020-03-08 00:00:00,Intel Corp,INTC,23,6,45
2020-03-08 00:00:00,Intuit Inc,INTU,24,10,83
2020-03-08 00:00:00,Intuitive Surgical Inc,ISRG,28,7,106
2020-03-08 00:00:00,IDEXX Laboratories Inc,IDXX,25,14,19
2020-03-08 00:00:00,J.B. Hunt Transport Services Inc,JBHT,21,15,171
2020-03-08 00:00:00,JD.com Inc,JD,17,11,158
2020-03-08 00:00:00,KLA Corp,KLAC,26,8,83
2020-03-08 00:00:00,Kraft Heinz Co,KHC,8,9,130
2020-03-08 00:00:00,Lam Research Corp,LRCX,13,14,160
2020-03-08 00:00:00,Liberty Global PLC,LBTYA,37,11,17
2020-03-08 00:00:00,Liberty Global PLC,LBTYA,16,11,159
2020-03-08 00:00:00,Lululemon Athletica Inc,LULU,27,2,183
2020-03-08 00:00:00,Mercadolibre Inc,MELI,6,11,122
2020-03-08 00:00:00,Marriott International Inc,MAR,9,12,47
2020-03-08 00:00:00,Microchip Technology Inc,MCHP,33,2,76
2020-03-08 00:00:00,Mondelez International Inc,MDLZ,28,3,118
2020-03-08 00:00:00,Monster Beverage Corp,MNST,31,2,178
2020-03-08 00:00:00,Microsoft Corp,MSFT,8,10,89
2020-03-08 00:00:00,Micron Technology Inc,MU,17,5,177
2020-03-08 00:00:00,Maxim Integrated Products Inc,MXIM,26,10,190
2020-03-08 00:00:00,Mylan NV,MYL,22,11,113
2020-03-08 00:00:00,NetApp Inc,NTAP,24,14,93
2020-03-08 00:00:00,Netflix Inc,NFLX,26,10,129
2020-03-08 00:00:00,NetEase Inc,NTES,17,5,53
2020-03-08 00:00:00,NVIDIA Corp,NVDA,39,9,60
2020-03-08 00:00:00,NXP Semiconductors NV,NXPI,27,9,166
2020-03-08 00:00:00,O’Reilly Automotive Inc,ORLY,8,3,20
2020-03-08 00:00:00,Paychex Inc,PAYX,39,4,99
2020-03-08 00:00:00,Paccar Inc,PCAR,9,6,82
2020-03-08 00:00:00,Booking Holdings Inc,BKNG,3,9,180
2020-03-08 00:00:00,PayPal Holdings Inc,PYPL,19,14,114
2020-03-08 00:00:00,PepsiCo Inc.,PEP,3,13,60
2020-03-08 00:00:00,Qualcomm Inc,QCOM,19,5,183
2020-03-08 00:00:00,Regeneron Pharmaceuticals Inc,REGN,12,14,39
2020-03-08 00:00:00,Ross Stores Inc,ROST,9,1,120
2020-03-08 00:00:00,Sirius XM Holdings Inc,SIRI,31,14,111
2020-03-08 00:00:00,Skyworks Solutions Inc,SWKS,34,1,170
2020-03-08 00:00:00,Starbucks Corp,SBUX,34,9,175
2020-03-08 00:00:00,NortonLifeLock Inc,NLOK,4,1,117
2020-03-08 00:00:00,Synopsys Inc,SNPS,22,1,165
2020-03-08 00:00:00,Take-Two Interactive Software Inc,TTWO,10,6,187
2020-03-08 00:00:00,Tesla Inc,TSLA,16,4,94
2020-03-08 00:00:00,Texas Instruments Inc,TXN,27,15,169
2020-03-08 00:00:00,T-Mobile US Inc,TMUS,38,4,113
2020-03-08 00:00:00,Ulta Beauty Inc,ULTA,35,5,183
2020-03-08 00:00:00,United Airlines Holdings Inc,UAL,4,10,120
2020-03-08 00:00:00,Verisign Inc,VRSN,37,12,38
2020-03-08 00:00:00,Verisk Analytics Inc,VRSK,36,5,144
2020-03-08 00:00:00,Vertex Pharmaceuticals Inc,VRTX,15,5,56
2020-03-08 00:00:00,Walgreens Boots Alliance Inc,WBA,16,11,77
2020-03-08 00:00:00,Western Digital Corp,WDC,6,7,37
2020-03-08 00:00:00,Workday Inc,WDAY,35,11,105
2020-03-08 00:00:00,Wynn Resorts Ltd,WYNN,14,3,129
2020-03-08 00:00:00,Xcel Energy Inc,XEL,38,10,134
2020-03-08 00:00:00,Xilinx Inc,XLNX,37,6,167
2020-03-15 00:00:00,Activision Blizzard Inc,ATVI,19,5,141
2020-03-15 00:00:00,Adobe Inc.,ADBE,11,8,117
2020-03-15 00:00:00,Advanced Micro Devices Inc,AMD,7,10,81
2020-03-15 00:00:00,Align Technology Inc,ALGN,30,4,114
2020-03-15 00:00:00,Alexion Pharmaceuticals Inc,ALXN,40,2,183
2020-03-15 00:00:00,Amazon.com Inc,AMZN,5,6,159
2020-03-15 00:00:00,Amgen Inc,AMGN,29,11,168
2020-03-15 00:00:00,American Airlines Group Inc,AAL,15,8,66
2020-03-15 00:00:00,Analog Devices Inc,ADI,40,10,54
2020-03-15 00:00:00,Apple Inc,AAPL,39,9,90
2020-03-15 00:00:00,Applied Materials Inc,AMAT,18,9,25
2020-03-15 00:00:00,ASML Holding NV,ASML,8,5,113
2020-03-15 00:00:00,Autodesk Inc,ADSK,3,5,43
2020-03-15 00:00:00,Automatic Data Processing Inc,ADP,18,3,182
2020-03-15 00:00:00,Broadcom Inc,AVGO,9,11,188
2020-03-15 00:00:00,Baidu Inc,BIDU,26,2,158
2020-03-15 00:00:00,Biogen Inc,BIIB,32,12,170
2020-03-15 00:00:00,Biomarin Pharmaceutical Inc,BMRN,4,2,33
2020-03-15 00:00:00,Cadence Design Systems Inc,CDNS,34,7,79
2020-03-15 00:00:00,Cerner Corp,CERN,30,12,128
2020-03-15 00:00:00,Check Point Software Technologies Ltd,CHKP,9,11,137
2020-03-15 00:00:00,Charter Communications Inc,CHTR,28,1,56
2020-03-15 00:00:00,Trip.com Group Ltd,TCOM,25,2,73
2020-03-15 00:00:00,Cintas Corp,CTAS,38,4,145
2020-03-15 00:00:00,Cisco Systems Inc,CSCO,28,8,114
2020-03-15 00:00:00,Citrix Systems Inc,CTXS,22,7,161
2020-03-15 00:00:00,Comcast Corp,CMCSA,8,3,166
2020-03-15 00:00:00,Costco Wholesale Corp,COST,14,3,45
2020-03-15 00:00:00,CSX Corp,CSX,35,3,99
2020-03-15 00:00:00,Cognizant Technology Solutions Corp,CTSH,15,2,146
2020-03-15 00:00:00,Dollar Tree Inc,DLTR,39,4,146
2020-03-15 00:00:00,Electronic Arts,EA,33,11,187
2020-03-15 00:00:00,eBay Inc,EBAY,28,6,98
2020-03-15 00:00:00,Exelon Corp,EXC,27,13,76
2020-03-15 00:00:00,Expedia Group Inc,EXPE,32,8,94
2020-03-15 00:00:00,Fastenal Co,FAST,24,5,111
2020-03-15 00:00:00,Facebook,FB,11,7,70
2020-03-15 00:00:00,Fiserv Inc,FISV,22,4,183
2020-03-15 00:00:00,Gilead Sciences Inc,GILD,40,7,177
2020-03-15 00:00:00,Alphabet,GOOG,15,6,33
2020-03-15 00:00:00,Hasbro Inc,HAS,18,8,45
2020-03-15 00:00:00,Henry Schein Inc,HSIC,24,15,154
2020-03-15 00:00:00,Illumina Inc,ILMN,5,8,117
2020-03-15 00:00:00,Incyte Corp,INCY,6,1,138
2020-03-15 00:00:00,Intel Corp,INTC,35,5,41
2020-03-15 00:00:00,Intuit Inc,INTU,30,8,33
2020-03-15 00:00:00,Intuitive Surgical Inc,ISRG,26,12,124
2020-03-15 00:00:00,IDEXX Laboratories Inc,IDXX,8,12,51
2020-03-15 00:00:00,J.B. Hunt Transport Services Inc,JBHT,20,15,59
2020-03-15 00:00:00,JD.com Inc,JD,37,10,140
2020-03-15 00:00:00,KLA Corp,KLAC,20,4,35
2020-03-15 00:00:00,Kraft Heinz Co,KHC,17,14,173
2020-03-15 00:00:00,Lam Research Corp,LRCX,40,7,94
2020-03-15 00:00:00,Liberty Global PLC,LBTYA,18,8,160
2020-03-15 00:00:00,Liberty Global PLC,LBTYA,13,15,28
2020-03-15 00:00:00,Lululemon Athletica Inc,LULU,11,2,122
2020-03-15 00:00:00,Mercadolibre Inc,MELI,3,13,139
2020-03-15 00:00:00,Marriott International Inc,MAR,9,15,27
2020-03-15 00:00:00,Microchip Technology Inc,MCHP,31,8,115
2020-03-15 00:00:00,Mondelez International Inc,MDLZ,14,4,87
2020-03-15 00:00:00,Monster Beverage Corp,MNST,12,1,145
2020-03-15 00:00:00,Microsoft Corp,MSFT,37,13,51
2020-03-15 00:00:00,Micron Technology Inc,MU,21,14,126
2020-03-15 00:00:00,Maxim Integrated Products Inc,MXIM,13,1,132
2020-03-15 00:00:00,Mylan NV,MYL,14,3,59
2020-03-15 00:00:00,NetApp Inc,NTAP,10,2,81
2020-03-15 00:00:00,Netflix Inc,NFLX,19,6,29
2020-03-15 00:00:00,NetEase Inc,NTES,26,13,137
2020-03-15 00:00:00,NVIDIA Corp,NVDA,32,2,190
2020-03-15 00:00:00,NXP Semiconductors NV,NXPI,27,9,54
2020-03-15 00:00:00,O’Reilly Automotive Inc,ORLY,19,15,116
2020-03-15 00:00:00,Paychex Inc,PAYX,3,1,21
2020-03-15 00:00:00,Paccar Inc,PCAR,19,10,184
2020-03-15 00:00:00,Booking Holdings Inc,BKNG,40,2,163
2020-03-15 00:00:00,PayPal Holdings Inc,PYPL,33,6,29
2020-03-15 00:00:00,PepsiCo Inc.,PEP,16,12,129
2020-03-15 00:00:00,Qualcomm Inc,QCOM,11,10,20
2020-03-15 00:00:00,Regeneron Pharmaceuticals Inc,REGN,16,9,89
2020-03-15 00:00:00,Ross Stores Inc,ROST,25,3,159
2020-03-15 00:00:00,Sirius XM Holdings Inc,SIRI,33,10,169
2020-03-15 00:00:00,Skyworks Solutions Inc,SWKS,36,3,62
2020-03-15 00:00:00,Starbucks Corp,SBUX,9,5,144
2020-03-15 00:00:00,NortonLifeLock Inc,NLOK,21,1,109
2020-03-15 00:00:00,Synopsys Inc,SNPS,35,10,130
2020-03-15 00:00:00,Take-Two Interactive Software Inc,TTWO,10,3,173
2020-03-15 00:00:00,Tesla Inc,TSLA,16,4,69
2020-03-15 00:00:00,Texas Instruments Inc,TXN,24,14,55
2020-03-15 00:00:00,T-Mobile US Inc,TMUS,15,12,155
2020-03-15 00:00:00,Ulta Beauty Inc,ULTA,5,1,34
2020-03-15 00:00:00,United Airlines Holdings Inc,UAL,30,4,161
2020-03-15 00:00:00,Verisign Inc,VRSN,14,11,151
2020-03-15 00:00:00,Verisk Analytics Inc,VRSK,12,10,32
2020-03-15 00:00:00,Vertex Pharmaceuticals Inc,VRTX,38,14,75
2020-03-15 00:00:00,Walgreens Boots Alliance Inc,WBA,29,11,77
2020-03-15 00:00:00,Western Digital Corp,WDC,7,3,59
2020-03-15 00:00:00,Workday Inc,WDAY,16,5,109
2020-03-15 00:00:00,Wynn Resorts Ltd,WYNN,21,5,26
2020-03-15 00:00:00,Xcel Energy Inc,XEL,37,14,86
2020-03-15 00:00:00,Xilinx Inc,XLNX,38,6,41
2020-03-22 00:00:00,Activision Blizzard Inc,ATVI,40,6,159
2020-03-22 00:00:00,Adobe Inc.,ADBE,36,11,21
2020-03-22 00:00:00,Advanced Micro Devices Inc,AMD,4,12,70
2020-03-22 00:00:00,Align Technology Inc,ALGN,37,4,145
2020-03-22 00:00:00,Alexion Pharmaceuticals Inc,ALXN,17,5,43
2020-03-22 00:00:00,Amazon.com Inc,AMZN,37,7,103
2020-03-22 00:00:00,Amgen Inc,AMGN,26,10,95
2020-03-22 00:00:00,American Airlines Group Inc,AAL,12,2,97
2020-03-22 00:00:00,Analog Devices Inc,ADI,29,10,186
2020-03-22 00:00:00,Apple Inc,AAPL,11,14,64
2020-03-22 00:00:00,Applied Materials Inc,AMAT,13,11,94
2020-03-22 00:00:00,ASML Holding NV,ASML,9,4,80
2020-03-22 00:00:00,Autodesk Inc,ADSK,7,3,163
2020-03-22 00:00:00,Automatic Data Processing Inc,ADP,12,12,180
2020-03-22 00:00:00,Broadcom Inc,AVGO,8,8,46
2020-03-22 00:00:00,Baidu Inc,BIDU,5,11,169
2020-03-22 00:00:00,Biogen Inc,BIIB,4,8,26
2020-03-22 00:00:00,Biomarin Pharmaceutical Inc,BMRN,17,14,86
2020-03-22 00:00:00,Cadence Design Systems Inc,CDNS,9,11,179
2020-03-22 00:00:00,Cerner Corp,CERN,38,14,145
2020-03-22 00:00:00,Check Point Software Technologies Ltd,CHKP,35,14,98
2020-03-22 00:00:00,Charter Communications Inc,CHTR,38,9,60
2020-03-22 00:00:00,Trip.com Group Ltd,TCOM,5,3,159
2020-03-22 00:00:00,Cintas Corp,CTAS,15,1,184
2020-03-22 00:00:00,Cisco Systems Inc,CSCO,37,6,135
2020-03-22 00:00:00,Citrix Systems Inc,CTXS,5,11,187
2020-03-22 00:00:00,Comcast Corp,CMCSA,8,13,171
2020-03-22 00:00:00,Costco Wholesale Corp,COST,5,1,30
2020-03-22 00:00:00,CSX Corp,CSX,22,3,90
2020-03-22 00:00:00,Cognizant Technology Solutions Corp,CTSH,38,5,90
2020-03-22 00:00:00,Dollar Tree Inc,DLTR,29,10,79
2020-03-22 00:00:00,Electronic Arts,EA,15,12,86
2020-03-22 00:00:00,eBay Inc,EBAY,23,10,115
2020-03-22 00:00:00,Exelon Corp,EXC,32,11,95
2020-03-22 00:00:00,Expedia Group Inc,EXPE,18,7,59
2020-03-22 00:00:00,Fastenal Co,FAST,36,1,148
2020-03-22 00:00:00,Facebook,FB,25,12,70
2020-03-22 00:00:00,Fiserv Inc,FISV,15,1,58
2020-03-22 00:00:00,Gilead Sciences Inc,GILD,21,4,17
2020-03-22 00:00:00,Alphabet,GOOG,28,6,72
2020-03-22 00:00:00,Hasbro Inc,HAS,39,12,145
2020-03-22 00:00:00,Henry Schein Inc,HSIC,9,13,122
2020-03-22 00:00:00,Illumina Inc,ILMN,32,14,128
2020-03-22 00:00:00,Incyte Corp,INCY,30,4,85
2020-03-22 00:00:00,Intel Corp,INTC,16,12,162
2020-03-22 00:00:00,Intuit Inc,INTU,38,12,31
2020-03-22 00:00:00,Intuitive Surgical Inc,ISRG,23,2,77
2020-03-22 00:00:00,IDEXX Laboratories Inc,IDXX,25,2,46
2020-03-22 00:00:00,J.B. Hunt Transport Services Inc,JBHT,10,6,123
2020-03-22 00:00:00,JD.com Inc,JD,24,5,29
2020-03-22 00:00:00,KLA Corp,KLAC,37,9,117
2020-03-22 00:00:00,Kraft Heinz Co,KHC,19,14,106
2020-03-22 00:00:00,Lam Research Corp,LRCX,31,12,47
2020-03-22 00:00:00,Liberty Global PLC,LBTYA,14,12,26
2020-03-22 00:00:00,Liberty Global PLC,LBTYA,17,4,59
2020-03-22 00:00:00,Lululemon Athletica Inc,LULU,36,5,73
2020-03-22 00:00:00,Mercadolibre Inc,MELI,36,7,81
2020-03-22 00:00:00,Marriott International Inc,MAR,38,1,152
2020-03-22 00:00:00,Microchip Technology Inc,MCHP,3,12,16
2020-03-22 00:00:00,Mondelez International Inc,MDLZ,10,5,88
2020-03-22 00:00:00,Monster Beverage Corp,MNST,39,15,178
2020-03-22 00:00:00,Microsoft Corp,MSFT,16,6,75
2020-03-22 00:00:00,Micron Technology Inc,MU,28,2,31
2020-03-22 00:00:00,Maxim Integrated Products Inc,MXIM,24,11,22
2020-03-22 00:00:00,Mylan NV,MYL,5,9,57
2020-03-22 00:00:00,NetApp Inc,NTAP,36,15,149
2020-03-22 00:00:00,Netflix Inc,NFLX,31,13,33
2020-03-22 00:00:00,NetEase Inc,NTES,17,6,149
2020-03-22 00:00:00,NVIDIA Corp,NVDA,13,11,90
2020-03-22 00:00:00,NXP Semiconductors NV,NXPI,15,3,64
2020-03-22 00:00:00,O’Reilly Automotive Inc,ORLY,7,10,141
2020-03-22 00:00:00,Paychex Inc,PAYX,36,15,72
2020-03-22 00:00:00,Paccar Inc,PCAR,24,7,84
2020-03-22 00:00:00,Booking Holdings Inc,BKNG,11,9,173
2020-03-22 00:00:00,PayPal Holdings Inc,PYPL,10,4,134
2020-03-22 00:00:00,PepsiCo Inc.,PEP,7,4,113
2020-03-22 00:00:00,Qualcomm Inc,QCOM,40,7,106
2020-03-22 00:00:00,Regeneron Pharmaceuticals Inc,REGN,25,13,121
2020-03-22 00:00:00,Ross Stores Inc,ROST,33,13,99
2020-03-22 00:00:00,Sirius XM Holdings Inc,SIRI,28,9,60
2020-03-22 00:00:00,Skyworks Solutions Inc,SWKS,29,6,35
2020-03-22 00:00:00,Starbucks Corp,SBUX,28,15,94
2020-03-22 00:00:00,NortonLifeLock Inc,NLOK,33,15,172
2020-03-22 00:00:00,Synopsys Inc,SNPS,4,12,159
2020-03-22 00:00:00,Take-Two Interactive Software Inc,TTWO,19,7,49
2020-03-22 00:00:00,Tesla Inc,TSLA,24,13,80
2020-03-22 00:00:00,Texas Instruments Inc,TXN,29,2,85
2020-03-22 00:00:00,T-Mobile US Inc,TMUS,25,9,188
2020-03-22 00:00:00,Ulta Beauty Inc,ULTA,19,3,54
2020-03-22 00:00:00,United Airlines Holdings Inc,UAL,22,10,25
2020-03-22 00:00:00,Verisign Inc,VRSN,27,11,161
2020-03-22 00:00:00,Verisk Analytics Inc,VRSK,26,12,134
2020-03-22 00:00:00,Vertex Pharmaceuticals Inc,VRTX,39,12,118
2020-03-22 00:00:00,Walgreens Boots Alliance Inc,WBA,22,7,141
2020-03-22 00:00:00,Western Digital Corp,WDC,27,6,24
2020-03-22 00:00:00,Workday Inc,WDAY,12,10,182
2020-03-22 00:00:00,Wynn Resorts Ltd,WYNN,34,14,22
2020-03-22 00:00:00,Xcel Energy Inc,XEL,8,10,168
2020-03-22 00:00:00,Xilinx Inc,XLNX,32,9,40
2020-03-29 00:00:00,Activision Blizzard Inc,ATVI,6,4,89
2020-03-29 00:00:00,Adobe Inc.,ADBE,38,1,78
2020-03-29 00:00:00,Advanced Micro Devices Inc,AMD,37,2,66
2020-03-29 00:00:00,Align Technology Inc,ALGN,8,3,127
2020-03-29 00:00:00,Alexion Pharmaceuticals Inc,ALXN,11,13,76
2020-03-29 00:00:00,Amazon.com Inc,AMZN,4,10,186
2020-03-29 00:00:00,Amgen Inc,AMGN,5,8,161
2020-03-29 00:00:00,American Airlines Group Inc,AAL,26,5,155
2020-03-29 00:00:00,Analog Devices Inc,ADI,15,1,57
2020-03-29 00:00:00,Apple Inc,AAPL,17,11,25
2020-03-29 00:00:00,Applied Materials Inc,AMAT,31,10,25
2020-03-29 00:00:00,ASML Holding NV,ASML,3,15,106
2020-03-29 00:00:00,Autodesk Inc,ADSK,3,10,28
2020-03-29 00:00:00,Automatic Data Processing Inc,ADP,19,3,119
2020-03-29 00:00:00,Broadcom Inc,AVGO,14,7,131
2020-03-29 00:00:00,Baidu Inc,BIDU,3,6,133
2020-03-29 00:00:00,Biogen Inc,BIIB,25,2,67
2020-03-29 00:00:00,Biomarin Pharmaceutical Inc,BMRN,37,10,86
2020-03-29 00:00:00,Cadence Design Systems Inc,CDNS,33,3,123
2020-03-29 00:00:00,Cerner Corp,CERN,35,1,123
2020-03-29 00:00:00,Check Point Software Technologies Ltd,CHKP,24,6,139
2020-03-29 00:00:00,Charter Communications Inc,CHTR,22,7,44
2020-03-29 00:00:00,Trip.com Group Ltd,TCOM,28,7,77
2020-03-29 00:00:00,Cintas Corp,CTAS,37,10,29
2020-03-29 00:00:00,Cisco Systems Inc,CSCO,40,15,147
2020-03-29 00:00:00,Citrix Systems Inc,CTXS,31,14,104
2020-03-29 00:00:00,Comcast Corp,CMCSA,15,9,117
2020-03-29 00:00:00,Costco Wholesale Corp,COST,40,1,173
2020-03-29 00:00:00,CSX Corp,CSX,35,14,54
2020-03-29 00:00:00,Cognizant Technology Solutions Corp,CTSH,16,7,15
2020-03-29 00:00:00,Dollar Tree Inc,DLTR,15,14,20
2020-03-29 00:00:00,Electronic Arts,EA,5,13,93
2020-03-29 00:00:00,eBay Inc,EBAY,10,8,53
2020-03-29 00:00:00,Exelon Corp,EXC,15,3,99
2020-03-29 00:00:00,Expedia Group Inc,EXPE,26,5,158
2020-03-29 00:00:00,Fastenal Co,FAST,19,5,160
2020-03-29 00:00:00,Facebook,FB,15,14,35
2020-03-29 00:00:00,Fiserv Inc,FISV,22,5,51
2020-03-29 00:00:00,Gilead Sciences Inc,GILD,24,4,103
2020-03-29 00:00:00,Alphabet,GOOG,36,8,72
2020-03-29 00:00:00,Hasbro Inc,HAS,15,12,57
2020-03-29 00:00:00,Henry Schein Inc,HSIC,34,14,180
2020-03-29 00:00:00,Illumina Inc,ILMN,18,5,157
2020-03-29 00:00:00,Incyte Corp,INCY,39,11,15
2020-03-29 00:00:00,Intel Corp,INTC,38,3,61
2020-03-29 00:00:00,Intuit Inc,INTU,22,15,177
2020-03-29 00:00:00,Intuitive Surgical Inc,ISRG,18,8,15
2020-03-29 00:00:00,IDEXX Laboratories Inc,IDXX,33,6,44
2020-03-29 00:00:00,J.B. Hunt Transport Services Inc,JBHT,23,10,123
2020-03-29 00:00:00,JD.com Inc,JD,18,6,131
2020-03-29 00:00:00,KLA Corp,KLAC,38,4,48
2020-03-29 00:00:00,Kraft Heinz Co,KHC,26,2,91
2020-03-29 00:00:00,Lam Research Corp,LRCX,23,2,74
2020-03-29 00:00:00,Liberty Global PLC,LBTYA,22,4,125
2020-03-29 00:00:00,Liberty Global PLC,LBTYA,23,11,184
2020-03-29 00:00:00,Lululemon Athletica Inc,LULU,40,11,172
2020-03-29 00:00:00,Mercadolibre Inc,MELI,28,1,72
2020-03-29 00:00:00,Marriott International Inc,MAR,31,11,85
2020-03-29 00:00:00,Microchip Technology Inc,MCHP,18,2,155
2020-03-29 00:00:00,Mondelez International Inc,MDLZ,9,9,24
2020-03-29 00:00:00,Monster Beverage Corp,MNST,7,11,51
2020-03-29 00:00:00,Microsoft Corp,MSFT,21,4,144
2020-03-29 00:00:00,Micron Technology Inc,MU,22,14,179
2020-03-29 00:00:00,Maxim Integrated Products Inc,MXIM,32,8,166
2020-03-29 00:00:00,Mylan NV,MYL,10,6,138
2020-03-29 00:00:00,NetApp Inc,NTAP,17,3,95
2020-03-29 00:00:00,Netflix Inc,NFLX,40,11,89
2020-03-29 00:00:00,NetEase Inc,NTES,15,12,132
2020-03-29 00:00:00,NVIDIA Corp,NVDA,8,12,53
2020-03-29 00:00:00,NXP Semiconductors NV,NXPI,22,5,26
2020-03-29 00:00:00,O’Reilly Automotive Inc,ORLY,18,15,185
2020-03-29 00:00:00,Paychex Inc,PAYX,18,11,34
2020-03-29 00:00:00,Paccar Inc,PCAR,36,13,19
2020-03-29 00:00:00,Booking Holdings Inc,BKNG,13,1,21
2020-03-29 00:00:00,PayPal Holdings Inc,PYPL,21,9,69
2020-03-29 00:00:00,PepsiCo Inc.,PEP,22,2,114
2020-03-29 00:00:00,Qualcomm Inc,QCOM,21,12,43
2020-03-29 00:00:00,Regeneron Pharmaceuticals Inc,REGN,27,7,100
2020-03-29 00:00:00,Ross Stores Inc,ROST,15,5,92
2020-03-29 00:00:00,Sirius XM Holdings Inc,SIRI,3,15,142
2020-03-29 00:00:00,Skyworks Solutions Inc,SWKS,34,9,24
2020-03-29 00:00:00,Starbucks Corp,SBUX,7,11,110
2020-03-29 00:00:00,NortonLifeLock Inc,NLOK,17,13,79
2020-03-29 00:00:00,Synopsys Inc,SNPS,9,1,184
2020-03-29 00:00:00,Take-Two Interactive Software Inc,TTWO,29,8,165
2020-03-29 00:00:00,Tesla Inc,TSLA,20,11,113
2020-03-29 00:00:00,Texas Instruments Inc,TXN,23,4,53
2020-03-29 00:00:00,T-Mobile US Inc,TMUS,4,14,47
2020-03-29 00:00:00,Ulta Beauty Inc,ULTA,28,7,49
2020-03-29 00:00:00,United Airlines Holdings Inc,UAL,37,7,114
2020-03-29 00:00:00,Verisign Inc,VRSN,20,11,184
2020-03-29 00:00:00,Verisk Analytics Inc,VRSK,22,7,128
2020-03-29 00:00:00,Vertex Pharmaceuticals Inc,VRTX,37,7,99
2020-03-29 00:00:00,Walgreens Boots Alliance Inc,WBA,31,15,45
2020-03-29 00:00:00,Western Digital Corp,WDC,29,3,20
2020-03-29 00:00:00,Workday Inc,WDAY,23,5,133
2020-03-29 00:00:00,Wynn Resorts Ltd,WYNN,17,6,76
2020-03-29 00:00:00,Xcel Energy Inc,XEL,6,13,34
2020-03-29 00:00:00,Xilinx Inc,XLNX,26,2,84
2020-01-26 00:00:00,Activision Blizzard Inc,ATVI,18,1,142
2020-01-26 00:00:00,Adobe Inc.,ADBE,18,9,141
2020-01-26 00:00:00,Advanced Micro Devices Inc,AMD,16,9,98
2020-01-26 00:00:00,Align Technology Inc,ALGN,21,11,93
2020-01-26 00:00:00,Alexion Pharmaceuticals Inc,ALXN,27,3,70
2020-01-26 00:00:00,Amazon.com Inc,AMZN,9,13,31
2020-01-26 00:00:00,Amgen Inc,AMGN,6,8,107
2020-01-26 00:00:00,American Airlines Group Inc,AAL,28,1,86
2020-01-26 00:00:00,Analog Devices Inc,ADI,24,9,103
2020-01-26 00:00:00,Apple Inc,AAPL,7,11,188
