Device_SIMServiceProviderBrandName,Device_Manufacturer,Device_Model,Device_OS,Device_Language,QOS_Date,QOS_SignalStrength,Location_Latitude,Location_Longitude,QOS_DeltaTransmittedBytes,QOS_DeltaReceivedBytes,Location_Country,Location_Region,Location_City,Connection_GenerationCategory
Orange,Orange,Orange Fova,ANDROID44,ro,2017-05-26 08:15:25 UTC,null,46.92640888,25.35659102,0,0,Romania,null,null,UNKNOWN
Orange,samsung,SM-G903F,ANDROID60,es,2017-08-13 21:26:32 UTC,null,40.4915666,-2.7293069,79,0,Spain,Castile-La Mancha,null,3G
Orange,HTC,HTC One_M8,ANDROID60,sk,2017-08-08 10:58:27 UTC,-97,48.9976449,18.2362468,75,0,Slovakia,Trenciansky,null,3G
Orange,LGE,LG-K420,ANDROID60,es,2017-09-15 14:59:24 UTC,-57,42.9964175,-7.5485362,8346,22941,Spain,Galicia,Lugo,UNKNOWN
Orange,LGE,Nexus 5X,ANDROID71,pl,2017-07-19 23:16:13 UTC,-100,45.6963809,13.4605415,146426,22174,Italy,Friuli-Venezia Giulia,null,4G
Orange,samsung,SM-J510FN,ANDROID60,pl,2017-08-22 21:58:21 UTC,-114,50.0679658,20.0422185,0,0,Poland,Lesser Poland,null,4G
Orange,Sony,C6603,ANDROID51,fr,2017-06-23 08:57:46 UTC,null,48.7726396,7.7339091,640930,24117250,France,Alsace-Champagne-Ardenne-Lorraine,null,3G
Orange,samsung,SM-G903F,ANDROID60,es,2017-08-28 18:45:26 UTC,-51,41.3914734,2.1655742,0,0,Spain,Catalonia,Barcelona,3G
Orange,OnePlus,ONEPLUS A3003,ANDROID71,pl,2017-08-08 10:04:05 UTC,-61,50.5772419,21.1698088,0,0,Poland,Swietokrzyskie,null,UNKNOWN
Orange,Sony,F3111,ANDROID60,es,2017-06-02 15:24:25 UTC,-101,38.4767384,-0.7846795,0,0,Spain,Valenciana,Elda,4G
Orange,samsung,SM-G930F,ANDROID70,es,2017-08-27 15:48:28 UTC,null,41.5294493,-2.9442872,0,0,Spain,Castile And LeÃ³n,null,3G
Orange,samsung,SM-G955F,ANDROID70,ru,2017-08-25 11:11:38 UTC,null,47.0286818,28.8498652,254,383,Moldova,ChiÅŸinÄƒu,null,3G
Orange,samsung,SM-G925F,ANDROID70,fr,2017-08-10 05:47:10 UTC,-93,50.5853796,5.8498111,620,620,Belgium,LiÃ¨ge,Verviers,4G
Orange,samsung,SM-G900F,ANDROID60,fr,2017-08-26 22:23:06 UTC,-121,49.5708183,0.9324592,9212,17033,France,Normandy,null,4G
Orange,HTC,HTC One,ANDROID50,es,2017-07-22 07:09:25 UTC,null,41.4463499,2.1863252,5777,5777,Spain,Catalonia,Barcelona,UNKNOWN
Orange,bq,Aquaris M5,ANDROID60,es,2017-07-05 17:51:21 UTC,null,40.4015861,-3.7084403,1476,3047,Spain,Madrid,Madrid,4G
Orange,samsung,SM-J530F,ANDROID70,fr,2017-09-15 00:28:19 UTC,null,46.697391,3.4179069,0,0,France,Auvergne-RhÃ´ne-Alpes,null,UNKNOWN
Orange,HUAWEI,HUAWEI GRA-L09,ANDROID60,es,2017-08-29 11:45:57 UTC,-86,40.2944842,-3.8192707,0,0,Spain,Madrid,Fuenlabrada,4G
Orange,HUAWEI,G7-L01,ANDROID44,fr,2017-09-11 17:34:30 UTC,null,50.8690442,4.3895056,20202,46390,Belgium,Brussels,Schaarbeek,4G
Orange,LGE,LG-H815,ANDROID60,fr,2017-08-07 18:23:16 UTC,null,50.08587398,2.87042097,0,0,France,Nord-Pas-de-Calais-Picardie,null,4G
Orange,Sony,D6603,ANDROID60,es,2017-08-10 19:28:39 UTC,-103,41.6925675,-4.5145901,7107,23337,Spain,Castile And LeÃ³n,null,3G
Orange,samsung,SM-T335,ANDROID44,pl,2017-07-28 09:51:40 UTC,-111,52.23307845,21.93085461,1102,313,Poland,Masovian,null,3G
Orange,Xiaomi,Redmi 4A,ANDROID60,es,2017-07-21 16:17:21 UTC,null,38.8494677,-6.8932988,0,0,Spain,Extremadura,Badajoz,4G
Orange,OnePlus,ONEPLUS A3003,ANDROID71,fr,2017-08-27 11:21:29 UTC,null,43.4377271,-1.5048009,659,0,France,Aquitaine-Limousin-Poitou-Charentes,null,3G
Orange,DOOGEE,Y300,ANDROID60,es,2017-07-12 17:26:44 UTC,-116,39.5051483,-0.4045383,7649,10436,Spain,Valenciana,Burjassot,4G
Orange,Prestigio,PMT7008_4G,ANDROID44,sk,2017-09-21 12:59:46 UTC,null,48.4480723,19.7398692,279,1354,Slovakia,BanskobystrickÃ½,null,UNKNOWN
Orange,ZTE,Blade S6,ANDROID50,es,2017-06-10 09:05:11 UTC,-106,38.6434595,0.0500206,15081,11237,Spain,Valenciana,Calpe,4G
Orange,samsung,SM-A520F,ANDROID60,fr,2017-07-27 16:16:46 UTC,null,46.2768071,4.7920863,280,280,France,Bourgogne-Franche-ComtÃ©,null,4G
Orange,samsung,SM-A300FU,ANDROID60,fr,2017-08-15 12:29:04 UTC,null,43.2781442,3.486913,2623,6638,France,Languedoc-Roussillon-Midi-PyrÃ©nÃ©es,Agde,4G
Orange,bq,Aquaris X5 Plus,ANDROID71,es,2017-08-30 17:51:19 UTC,null,40.07950257,-3.10528522,11405,27707,Spain,Madrid,null,3G
Orange,samsung,GT-I9301I,ANDROID44,ru,2017-08-15 05:03:28 UTC,-74,47.04284512,28.88785922,238870,618210,Moldova,ChiÅŸinÄƒu,null,UNKNOWN
Orange,samsung,SM-G903F,ANDROID60,pl,2017-08-03 08:22:48 UTC,null,52.2002934,20.9347009,17843,16158,Poland,Masovian,null,4G
Orange,samsung,SM-G928F,ANDROID70,es,2017-09-03 19:03:11 UTC,null,41.5092666,2.1170357,212,923,Spain,Catalonia,null,4G
Orange,samsung,SM-G930F,ANDROID70,ro,2017-07-14 05:22:11 UTC,-84,44.451779,26.0869086,722,836,Romania,null,null,4G
Orange,Sony,F5121,ANDROID71,fr,2017-07-24 17:01:25 UTC,null,42.7050454,3.0192913,4125422,12380031,France,Languedoc-Roussillon-Midi-PyrÃ©nÃ©es,null,4G
Orange,motorola,XT1032,ANDROID44,fr,2017-04-25 21:10:03 UTC,-74,48.70448396,6.19342652,71982,370692,France,Alsace-Champagne-Ardenne-Lorraine,null,UNKNOWN
Orange,samsung,SM-G935F,ANDROID70,fr,2017-08-28 13:46:02 UTC,-84,45.1760054,5.7355042,13414,6800,France,Auvergne-RhÃ´ne-Alpes,Grenoble,UNKNOWN
Orange,samsung,SM-G935F,ANDROID70,fr,2017-09-03 11:21:34 UTC,null,43.2999131,5.4284348,29563,266069,France,Provence-Alpes-CÃ´te d'Azur,Marseille,UNKNOWN
Orange,samsung,SM-G950F,ANDROID70,pl,2017-09-13 15:29:23 UTC,null,52.2049245,20.986619,83,171,Poland,Masovian,null,4G
Orange,samsung,SM-T535,ANDROID44,es,2017-07-05 09:28:26 UTC,-88,39.9908903,-0.0655257,784,821,Spain,Valenciana,CastellÃ³n de la Plana,UNKNOWN
Orange,TCL,Orange Nura,ANDROID44,es,2017-05-13 17:18:49 UTC,null,36.82420747,-4.70490807,1049880,9213892,Spain,AndalusÃ­a,null,UNKNOWN
Orange,Sony,F5121,ANDROID71,fr,2017-09-24 18:20:30 UTC,-107,39.9823339,3.8365775,82107,268819,Spain,Balearic Islands,Ciutadella,3G
Orange,samsung,SM-G357FZ,ANDROID44,es,2017-09-04 05:56:03 UTC,-109,41.2215903,-2.265982,3687,17000,Spain,Castile And LeÃ³n,null,4G
Orange,samsung,SM-G920F,ANDROID70,es,2017-08-30 16:10:38 UTC,null,40.4015087,-3.7214061,388899,11917925,Spain,Madrid,Madrid,4G
Orange,Sony,C6603,ANDROID51,fr,2017-07-17 12:40:04 UTC,null,50.6848677,2.866862,0,0,France,Nord-Pas-de-Calais-Picardie,ArmentiÃ¨res,3G
Orange,Sony,D5103,ANDROID44,fr,2017-04-22 13:44:55 UTC,null,46.99424044,5.13687907,1760,2284,France,Bourgogne-Franche-ComtÃ©,null,3G
Orange,samsung,SM-G920F,ANDROID60,fr,2017-08-02 06:46:36 UTC,null,48.9141902,2.4340851,194,195,France,Ile-de-France,Drancy,4G
Orange,bq,Aquaris X5,ANDROID60,es,2017-08-07 12:40:51 UTC,null,40.9854001,-1.2618768,146,0,Spain,Aragon,null,UNKNOWN
Orange,bq,Aquaris X5,ANDROID60,es,2017-07-20 01:09:02 UTC,null,43.5221249,-6.6900497,0,0,Spain,Asturias,null,4G
Orange,samsung,GT-I9060,ANDROID42,fr,2017-07-21 09:23:33 UTC,null,43.6115695,3.8717344,0,1700,France,Languedoc-Roussillon-Midi-PyrÃ©nÃ©es,Montpellier,UNKNOWN
Orange,samsung,SM-T535,ANDROID44,pl,2017-05-08 08:28:44 UTC,null,51.41419443,21.12705422,617111,18063290,Poland,null,null,4G
Orange,bq,Aquaris U Plus,ANDROID71,es,2017-07-23 13:56:08 UTC,null,39.907969,-0.195568,2000,0,Spain,Valenciana,null,3G
Orange,samsung,SM-A520F,ANDROID60,fr,2017-07-21 19:14:23 UTC,-82,38.9554125,-9.4106711,0,0,Portugal,Lisboa,Mafra,4G
Orange,Sony,F3311,ANDROID60,fr,2017-09-13 06:20:08 UTC,null,51.6312976,-4.9785926,0,0,United Kingdom,Wales,Pembrokeshire,UNKNOWN
Orange,Sony,D6603,ANDROID60,es,2017-08-11 15:33:24 UTC,null,42.1891843,-8.8030319,874,850,Spain,Galicia,Vigo,3G
Orange,samsung,SM-G900F,ANDROID44,es,2017-06-20 06:48:54 UTC,-93,41.38077539,2.14712135,721,834,Spain,Catalonia,Barcelona,3G
Orange,OnePlus,ONEPLUS A3003,ANDROID71,fr,2017-08-31 22:43:10 UTC,-115,50.4943599,2.8984442,0,0,France,Nord-Pas-de-Calais-Picardie,null,4G
Orange,samsung,SM-G920F,ANDROID70,pl,2017-08-26 21:14:32 UTC,-51,54.3391745,18.6220654,0,0,Poland,Pomeranian,null,UNKNOWN
Orange,samsung,SM-G935F,ANDROID70,es,2017-09-17 20:32:48 UTC,null,41.4398555,2.1636023,643,784,Spain,Catalonia,Barcelona,UNKNOWN
Orange,Sony,E6653,ANDROID71,en,2017-09-05 12:09:09 UTC,null,46.7755081,23.593717,21464,24357,Romania,Cluj,null,4G
Orange,LGE,LG-H850,ANDROID70,es,2017-08-15 06:03:13 UTC,-69,39.4891585,-2.1518236,22001,21706,Spain,Castile-La Mancha,null,3G
Orange,Sony,G8142,ANDROID71,en,2017-09-10 12:40:43 UTC,null,49.0037394,2.5711397,5210,3120,France,Ile-de-France,Tremblay-en-France,3G
Orange,samsung,SM-G930F,ANDROID70,es,2017-07-17 17:24:07 UTC,-92,40.1966,-3.6894294,76529,292857,Spain,Madrid,Valdemoro,4G
Orange,HUAWEI,BLN-L21,ANDROID70,es,2017-07-23 11:13:42 UTC,-105,41.6266582,0.6120993,20433,3712,Spain,Catalonia,Lleida,4G
Orange,samsung,SM-J510FN,ANDROID60,pl,2017-08-26 14:16:26 UTC,null,50.3239866,19.1857881,8685,17449,Poland,Silesian,null,4G
Orange,samsung,SM-G361F,ANDROID51,fr,2017-09-12 00:13:03 UTC,-99,45.7215495,5.892299,0,0,France,Auvergne-RhÃ´ne-Alpes,null,UNKNOWN
Orange,Sony,G3311,ANDROID70,fr,2017-09-14 20:29:34 UTC,-68,47.9012346,5.3951953,103,0,France,Alsace-Champagne-Ardenne-Lorraine,null,UNKNOWN
Orange,samsung,SM-G935F,ANDROID70,pl,2017-09-02 00:10:01 UTC,null,49.7898186,22.7661924,4465,18993,Poland,Subcarpathian,null,4G
Orange,LGE,LG-D855,ANDROID50,es,2017-08-02 06:43:52 UTC,-97,41.4117727,2.1293068,702,750,Spain,Catalonia,Barcelona,3G
Orange,OnePlus,ONE A2003,ANDROID71,en,2017-09-10 10:22:49 UTC,-68,46.7481303,23.5624363,0,0,Romania,Cluj,null,UNKNOWN
Orange,ulefone,Power,ANDROID60,es,2017-09-02 20:29:03 UTC,-114,36.5129817,-4.8822426,0,0,Spain,AndalusÃ­a,Marbella,4G
Orange,LGE,LG-M250,ANDROID70,es,2017-06-18 21:46:19 UTC,-101,36.6294114,-4.4973404,18740,236526,Spain,AndalusÃ­a,Torremolinos,4G
Orange,LGE,Nexus 5,ANDROID60,es,2017-08-18 16:38:36 UTC,null,40.3952571,-3.5286222,12137,17507,Spain,Madrid,Madrid,3G
Orange,samsung,SM-G850F,ANDROID50,pl,2017-07-25 22:45:08 UTC,null,50.0742354,19.9656609,230601,438621,Poland,Lesser Poland,null,3G
Orange,samsung,SM-G930F,ANDROID70,pl,2017-08-16 13:18:37 UTC,null,50.2683052,18.7186478,6012,2266,Poland,Silesian,null,4G
Orange,bq,Aquaris E5,ANDROID51,es,2017-07-08 09:26:46 UTC,null,40.326413,-3.7144767,5884,6239,Spain,Madrid,Getafe,4G
Orange,Wileyfox,Wileyfox Swift,ANDROID51,es,2017-08-29 06:51:32 UTC,null,40.1098106,0.1508153,10727,17569,Spain,Valenciana,null,4G
Orange,HUAWEI,HUAWEI CAN-L11,ANDROID70,ro,2017-08-18 10:15:42 UTC,null,45.3300433,25.1610316,6546,19491,Romania,Arges,null,3G
Orange,Sony,F8331,ANDROID71,fr,2017-08-10 19:47:36 UTC,-100,44.9315828,4.8912871,0,0,France,Auvergne-RhÃ´ne-Alpes,Valence,4G
Orange,samsung,SM-G928F,ANDROID70,hu,2017-09-07 02:16:51 UTC,null,51.3785762,5.0989264,11150,17323,Netherlands,North Brabant,null,UNKNOWN
Orange,LGE,LG-H870,ANDROID70,pl,2017-07-12 11:13:00 UTC,null,53.4053393,14.5032373,15460,29861,Poland,null,null,4G
Orange,samsung,SM-A510F,ANDROID70,sk,2017-08-28 16:31:00 UTC,null,48.7627747,17.576295,0,0,Slovakia,Trenciansky,null,3G
Orange,HUAWEI,HUAWEI CUN-L01,ANDROID51,es,2017-07-01 20:13:00 UTC,null,42.5553961,-8.9936161,92643,294596,Spain,Galicia,Ribeira,UNKNOWN
Orange,bq,Aquaris E5,ANDROID60,es,2017-08-06 11:10:52 UTC,null,43.7681183,11.2518478,10733,10330,Italy,Tuscany,Florence,3G
Orange,Sony,F8331,ANDROID71,sk,2017-08-31 03:07:26 UTC,-67,48.8324791,19.1074471,0,0,Slovakia,BanskobystrickÃ½,null,3G
Orange,samsung,SM-G955F,ANDROID70,fr,2017-08-30 14:03:52 UTC,-93,49.9096626,1.2115111,178,52,France,Normandy,null,3G
Orange,samsung,SM-A710F,ANDROID70,ru,2017-08-27 11:37:46 UTC,-96,47.022615,28.8548094,60,126,Moldova,ChiÅŸinÄƒu,null,4G
Orange,samsung,SM-J710F,ANDROID60,es,2017-07-26 17:33:07 UTC,-91,39.4943339,-0.3826064,0,0,Spain,Valenciana,Valencia,4G
Orange,Xiaomi,Redmi Note 3,ANDROID60,es,2017-09-14 09:23:26 UTC,-111,41.6279209,-0.8757944,0,0,Spain,Aragon,Saragossa,3G
Orange,Sony,D5803,ANDROID60,fr,2017-07-27 08:06:43 UTC,null,48.8860413,2.0383059,5310,10574,France,Ile-de-France,null,4G
Orange,HUAWEI,ALE-L21,ANDROID60,sk,2017-09-11 14:17:29 UTC,null,48.310811,18.0693232,0,0,Slovakia,Nitriansky,null,UNKNOWN
Orange,OnePlus,ONEPLUS A3003,ANDROID71,fr,2017-07-30 00:03:58 UTC,-85,43.0771342,5.7862855,694,4953,France,null,null,UNKNOWN
Orange,samsung,SM-N9005,ANDROID50,es,2017-06-08 08:52:28 UTC,null,28.4630915,-16.2788776,0,0,Spain,Canary Islands,Tenerife,3G
Orange,Sony,G3121,ANDROID70,fr,2017-07-31 19:38:27 UTC,null,45.3640745,0.6480011,22523,47368,France,Aquitaine-Limousin-Poitou-Charentes,null,3G
Orange,TCL,Orange Nura,ANDROID44,fr,2017-05-17 09:32:20 UTC,-108,47.58494748,-3.02680711,0,0,France,Brittany,null,4G
Orange,HTC,HTC 10 evo,ANDROID70,sk,2017-08-24 11:12:19 UTC,-109,49.1570992,18.7853205,0,0,Slovakia,Å½ilinskÃ½,null,3G
Orange,OnePlus,ONEPLUS A3003,ANDROID71,sk,2017-09-04 13:05:33 UTC,-106,49.2212776,18.7856016,0,0,Slovakia,Å½ilinskÃ½,null,4G
Orange,HTC,HTC One,ANDROID50,pl,2017-09-25 17:47:26 UTC,null,51.875172,19.4269614,0,0,Poland,LÃ³dz,null,3G
Orange,samsung,SM-G935F,ANDROID70,es,2017-08-14 05:49:02 UTC,-90,42.8408841,-2.7021827,332,0,Spain,Basque Country,Vitoria,4G
Orange,samsung,SM-G925F,ANDROID70,es,2017-08-01 14:01:00 UTC,-75,41.6085979,-4.4381568,573,6080,Spain,Castile And LeÃ³n,null,UNKNOWN
Orange,samsung,SM-A320FL,ANDROID60,sk,2017-07-19 12:45:29 UTC,-77,48.4739569,20.0902894,851,0,Slovakia,BanskobystrickÃ½,null,3G
Orange,alps,Qualcore 7030 4G,ANDROID51,pl,2017-07-18 08:20:31 UTC,null,52.4503383,16.9382567,10343,41537,Poland,null,null,4G
Orange,LGE,LG-D802,ANDROID44,ro,2017-07-06 22:03:20 UTC,null,46.58892646,26.84502946,580,580,Romania,null,null,3G
Orange,samsung,SM-G930F,ANDROID70,ru,2017-09-08 06:01:41 UTC,null,47.1669798,27.5687542,0,0,Romania,Iasi,null,4G
Orange,samsung,SM-A510F,ANDROID70,fr,2017-07-12 21:05:56 UTC,-98,43.3081116,5.3660204,341,334,France,Provence-Alpes-CÃ´te d'Azur,Marseille,4G
Orange,LGE,LG-K430,ANDROID60,pl,2017-09-24 14:30:55 UTC,null,50.2853817,19.0716831,0,0,Poland,Silesian,null,3G
Orange,samsung,SM-G386F,ANDROID42,pl,2017-08-14 14:31:11 UTC,-79,53.3471807,15.0263988,7049,5348,Poland,West Pomeranian,null,3G
Orange,samsung,SM-G930F,ANDROID70,es,2017-09-18 22:54:09 UTC,-124,43.361462,-5.8471088,60,0,Spain,Asturias,Oviedo,4G
Orange,samsung,SM-J500FN,ANDROID60,es,2017-07-24 17:08:16 UTC,-73,43.3312022,-8.3852215,580,580,Spain,Galicia,Corunna,3G
Orange,samsung,SM-G950F,ANDROID70,fr,2017-08-14 13:39:46 UTC,null,43.240674,0.0206851,660,17157,France,Languedoc-Roussillon-Midi-PyrÃ©nÃ©es,null,4G
Orange,HTC,HTC One max,ANDROID50,fr,2017-08-17 16:00:05 UTC,null,46.0760468,-1.0941916,248,474,France,Aquitaine-Limousin-Poitou-Charentes,null,3G
Orange,samsung,GT-I9195,ANDROID44,pl,2017-09-17 09:50:45 UTC,-91,51.6517659,19.4441538,199,0,Poland,LÃ³dz,null,UNKNOWN
Orange,samsung,SM-G920F,ANDROID70,es,2017-07-09 22:59:32 UTC,-47,36.6338491,-6.3825239,146130,355600,Spain,AndalusÃ­a,Rota,UNKNOWN
Orange,samsung,SM-J320FN,ANDROID51,fr,2017-05-05 12:29:01 UTC,null,48.50031917,-2.72617187,0,0,France,Brittany,null,UNKNOWN
Orange,samsung,SM-G930F,ANDROID70,pl,2017-07-28 04:14:00 UTC,-71,52.2457977,20.9098063,9537,13199,Poland,Masovian,null,3G
Orange,HTC,HTC One M8s,ANDROID60,ro,2017-08-11 18:17:46 UTC,null,44.335579,26.8294205,1936,1458,Romania,Calarasi,null,3G
Orange,TCL ALCATEL ONETOUCH,6045Y,ANDROID60,fr,2017-08-11 06:47:48 UTC,null,49.02080596,2.36444446,852,903,France,Ile-de-France,null,4G
Orange,Sony,D5103,ANDROID44,es,2017-08-05 14:43:26 UTC,null,36.15561815,-5.4545918,0,0,Spain,AndalusÃ­a,Algeciras,4G
Orange,Sony,F8331,ANDROID71,es,2017-08-10 16:43:04 UTC,null,40.3723566,-3.7903446,29883,32782,Spain,Madrid,Madrid,3G
Orange,samsung,SM-G930F,ANDROID60,ro,2017-08-09 18:04:52 UTC,null,44.4791789,26.1118855,5983,439385,Romania,Bucharest,null,4G
Orange,motorola,Moto G (4),ANDROID70,fr,2017-07-24 04:48:37 UTC,-95,46.9230208,-0.7539571,580,580,France,Aquitaine-Limousin-Poitou-Charentes,null,4G
Orange,bq,Aquaris M5,ANDROID60,es,2017-06-12 22:40:39 UTC,null,42.4402792,-8.6867733,1972,2218,Spain,Galicia,Poio,4G
Orange,samsung,SM-G925F,ANDROID70,ro,2017-09-02 04:08:25 UTC,-70,44.4923649,26.0352461,18057,67020,Romania,Bucharest,null,UNKNOWN
Orange,motorola,XT1580,ANDROID70,fr,2017-08-19 17:20:31 UTC,null,46.7095199,-1.9415279,2358,9474,France,Pays de la Loire,null,4G
Orange,Sony,D6633,ANDROID60,pl,2017-09-09 09:17:54 UTC,null,49.8472069,19.0384935,550438,1962526,Poland,Silesian,null,UNKNOWN
Orange,HUAWEI,ALE-L21,ANDROID60,hu,2017-08-29 13:12:12 UTC,-56,46.5498891,24.5641482,64686,586920,Romania,Mures,null,UNKNOWN
Orange,Orange,Orange Roya,ANDROID44,ro,2017-06-21 08:44:21 UTC,null,47.72019368,26.24535483,2931,8483,Romania,null,null,UNKNOWN
Orange,samsung,GT-I9195I,ANDROID44,pl,2017-09-18 08:50:11 UTC,-96,53.45792146,14.50005017,0,0,Poland,West Pomeranian,null,4G
Orange,HTC,HTC One,ANDROID50,es,2017-06-25 18:43:49 UTC,null,37.9750333,-0.6922901,558773,19531252,Spain,Valenciana,Torrevieja,UNKNOWN
Orange,samsung,GT-P5200,ANDROID44,fr,2017-06-14 03:42:55 UTC,-85,49.49761018,0.570076105,0,0,France,Normandy,null,UNKNOWN
Orange,samsung,GT-N7000,ANDROID60,pl,2017-08-23 12:52:45 UTC,-97,52.7433807,15.2296947,0,0,Poland,Lubusz,null,3G
Orange,samsung,SM-G930F,ANDROID70,es,2017-07-25 18:07:45 UTC,null,41.3858875,2.1425788,0,0,Spain,Catalonia,Barcelona,4G
Orange,samsung,GT-I9301I,ANDROID44,pl,2017-05-12 12:06:41 UTC,null,50.10529277,21.4856669,509592,887540,Poland,null,null,3G
Orange,samsung,SM-G7105,ANDROID44,es,2017-05-06 07:56:41 UTC,null,38.87366926,-6.97887569,1534,5421,Spain,Extremadura,Badajoz,UNKNOWN
Orange,TCL,5080X,ANDROID60,pl,2017-08-10 02:46:51 UTC,null,49.8157101,19.0136511,1851,1527,Poland,Silesian,null,UNKNOWN
Orange,Sony,D6503,ANDROID60,es,2017-09-15 08:14:37 UTC,null,41.7281387,-4.682523,0,0,Spain,Castile And LeÃ³n,null,4G
Orange,HTC,HTC One,ANDROID50,pl,2017-08-21 13:39:53 UTC,null,50.0184124,19.8773784,0,0,Poland,Lesser Poland,null,3G
Orange,samsung,SM-G930F,ANDROID70,pl,2017-07-20 05:45:02 UTC,null,52.2938756,15.3129831,0,224,Poland,null,null,4G
Orange,samsung,SM-G935F,ANDROID70,pl,2017-08-10 10:15:19 UTC,-102,52.1186999,20.5022335,588,1306,Poland,Masovian,null,4G
Orange,motorola,XT1032,ANDROID51,es,2017-07-23 14:58:29 UTC,-79,38.9709113,1.2856146,192567,964419,Spain,Balearic Islands,San Jose,3G
Orange,samsung,SM-G920F,ANDROID60,fr,2017-08-11 12:52:42 UTC,null,48.1355156,3.1530629,67,0,France,Bourgogne-Franche-ComtÃ©,null,3G
Orange,HTC,HTC Desire 820,ANDROID44,fr,2017-08-31 16:20:41 UTC,null,44.0590135,5.972518,49795,156814,France,Provence-Alpes-CÃ´te d'Azur,null,3G
Orange,samsung,SM-G928F,ANDROID70,pl,2017-08-22 17:33:39 UTC,null,50.7747001,19.1536237,216,351,Poland,Silesian,null,4G
Orange,OnePlus,A0001,ANDROID60,fr,2017-08-08 15:55:38 UTC,null,46.74504671,-1.61755698,4613,46737,France,Pays de la Loire,null,3G
Orange,Sony,D5803,ANDROID60,pl,2017-07-18 09:11:40 UTC,-140,53.261636,17.4545661,1560,1482,Poland,null,null,4G
Orange,LGE,LG-H525n,ANDROID60,es,2017-09-18 15:32:49 UTC,null,38.8396634,-0.5785081,0,0,Spain,Valenciana,Ontinyent,3G
Orange,samsung,SM-G920F,ANDROID70,fr,2017-08-28 09:39:33 UTC,-114,43.9675958,4.8987637,0,0,France,Provence-Alpes-CÃ´te d'Azur,null,4G
Orange,samsung,SM-G930F,ANDROID70,es,2017-07-18 06:24:20 UTC,-49,40.9719992,-5.6517311,108782,147100,Spain,Castile And LeÃ³n,Salamanca,UNKNOWN
Orange,blackberry,STV100-4,ANDROID60,pl,2017-07-23 19:58:49 UTC,null,52.4761345,15.7780487,0,0,Poland,Lubusz,null,3G
Orange,Sony,D6503,ANDROID60,es,2017-08-03 18:58:25 UTC,null,43.5309865,-5.6715256,52,92,Spain,Asturias,GijÃ³n,3G
Orange,LGE,LG-H961N,ANDROID51,pl,2017-08-22 08:39:55 UTC,null,52.1877096,16.9777679,2982,4522,Poland,Greater Poland,null,3G
Orange,samsung,SM-G390F,ANDROID70,pl,2017-08-08 08:14:41 UTC,null,52.2291753,21.000164,0,0,Poland,Masovian,null,4G
Orange,samsung,SM-J710F,ANDROID60,pl,2017-08-16 13:11:39 UTC,-105,52.2837414,20.9078888,980,980,Poland,Masovian,null,4G
Orange,HTC,HTC One_M8,ANDROID60,fr,2017-09-11 15:06:12 UTC,null,14.6029148,-61.081891,11357,60644,France,Martinique,Fort-de-France,4G
Orange,bq,Aquaris U Plus,ANDROID71,es,2017-08-23 18:54:12 UTC,-95,38.1391858,-6.6917156,49650,135895,Spain,Extremadura,null,4G
Orange,bq,Aquaris X5 Plus,ANDROID71,es,2017-09-05 06:28:46 UTC,-87,40.356228,-3.8065487,0,0,Spain,Madrid,AlcorcÃ³n,3G
Orange,Sony,D5103,ANDROID44,es,2017-06-14 01:33:15 UTC,-44,40.44172013,-3.36740162,36479,72386,Spain,Madrid,null,UNKNOWN
Orange,LGE,LG-K350,ANDROID60,es,2017-07-29 05:17:24 UTC,null,36.678425,-6.1112982,135,245,Spain,AndalusÃ­a,Jerez de la Frontera,UNKNOWN
Orange,LGE,LG-H440n,ANDROID60,pl,2017-08-26 12:36:20 UTC,null,49.7366864,20.3996395,12847,40840,Poland,Lesser Poland,null,3G
Orange,samsung,SM-T525,ANDROID44,ro,2017-07-28 07:30:04 UTC,null,45.0339338,25.8738578,52,260,Romania,Prahova,null,3G
Orange,LGE,LG-H525n,ANDROID60,fr,2017-08-03 17:23:45 UTC,null,45.7357163,4.8633932,1903,11165,France,Auvergne-RhÃ´ne-Alpes,Lyon,3G
Orange,HTC,HTC Desire 530,ANDROID60,fr,2017-07-17 14:50:00 UTC,null,49.4783767,5.8217039,3803,13633,France,Alsace-Champagne-Ardenne-Lorraine,null,3G
Orange,HUAWEI,G7-L01,ANDROID44,es,2017-09-28 05:42:38 UTC,-88,38.9987671,-1.8637792,5266,8375,Spain,Castile-La Mancha,Albacete,UNKNOWN
Orange,samsung,SM-T561,ANDROID44,pl,2017-08-28 18:04:42 UTC,null,52.39355703,16.9481522,2651,6582,Poland,Greater Poland,null,UNKNOWN
Orange,samsung,SM-G386F,ANDROID42,pl,2017-08-19 19:13:32 UTC,null,53.3476088,15.0269447,30743,16792,Poland,West Pomeranian,null,4G
Orange,samsung,SM-J320F,ANDROID51,ro,2017-08-01 08:03:47 UTC,-88,46.7800733,23.5680498,583,458,Romania,Cluj,null,4G
Orange,samsung,SAMSUNG-SM-G891A,ANDROID60,en,2017-08-23 12:35:28 UTC,-70,44.4936574,26.0845185,11047,72323,Romania,Bucharest,null,4G
Orange,Meizu,M5 Note,ANDROID60,es,2017-08-28 16:58:38 UTC,null,42.8440849,-2.6873906,3719,9215,Spain,Basque Country,Vitoria,3G
Orange,samsung,SM-G950F,ANDROID70,es,2017-08-04 08:02:27 UTC,null,39.8792593,-4.0368169,42554,100947,Spain,Castile-La Mancha,Toledo,4G
Orange,LGE,LG-H815,ANDROID60,fr,2017-08-27 16:05:27 UTC,-105,50.78975034,2.61951703,718,796,France,Nord-Pas-de-Calais-Picardie,null,3G
Orange,samsung,GT-I9305,ANDROID44,fr,2017-07-20 12:55:03 UTC,null,48.88073999,2.59355668,0,0,France,Ile-de-France,Chelles,4G
Orange,bq,Aquaris X5,ANDROID60,es,2017-08-10 18:59:51 UTC,null,40.3805627,-3.6130739,262,0,Spain,Madrid,Madrid,4G
Orange,TCL ALCATEL ONETOUCH,6045Y,ANDROID60,fr,2017-07-27 08:16:45 UTC,null,46.17694848,-0.50435659,2089,5181,France,Aquitaine-Limousin-Poitou-Charentes,null,4G
Orange,Sony,D5803,ANDROID60,fr,2017-08-21 08:08:52 UTC,null,49.4914039,0.5793333,19908,16039,France,Normandy,null,4G
Orange,samsung,GT-I9505,ANDROID44,fr,2017-09-04 08:57:09 UTC,null,49.2383356,4.006781,42948,50552,France,Alsace-Champagne-Ardenne-Lorraine,Reims,4G
Orange,OnePlus,ONEPLUS A3003,ANDROID71,fr,2017-08-10 13:47:43 UTC,null,47.2626573,-2.4260489,0,0,France,Pays de la Loire,null,4G
Orange,samsung,SM-A520F,ANDROID60,pl,2017-09-03 14:17:54 UTC,-99,53.9177018,14.2288751,0,0,Poland,West Pomeranian,null,4G
Orange,samsung,SM-G935F,ANDROID70,es,2017-07-24 16:07:59 UTC,-95,38.3589826,-0.5350878,0,0,Spain,Valenciana,Alicante,4G
Orange,Sony,D2303,ANDROID51,es,2017-09-07 08:39:51 UTC,-140,36.8403856,-2.2992121,12529,21169,Spain,AndalusÃ­a,Almeria,4G
Orange,HUAWEI,G7-L01,ANDROID44,pl,2017-08-03 01:13:00 UTC,-67,52.35257864,21.23990893,0,0,Poland,Masovian,null,UNKNOWN
Orange,samsung,SM-A520F,ANDROID60,en,2017-08-29 01:34:52 UTC,-76,40.4305274,-3.6280282,0,0,Spain,Madrid,Madrid,UNKNOWN
Orange,Sony,E5603,ANDROID60,es,2017-08-08 12:31:02 UTC,-96,43.2828887,-2.9975496,0,0,Spain,Basque Country,Barakaldo,UNKNOWN
Orange,LGE,LG-D320,ANDROID44,ro,2017-08-25 22:58:57 UTC,-105,44.67671377,22.98435911,37494,37253,Romania,Mehedinti,null,3G
Orange,samsung,GT-I9195I,ANDROID44,en,2017-06-02 16:29:26 UTC,null,46.47404784,24.08359316,0,0,Romania,null,null,3G
Orange,samsung,SM-G850F,ANDROID50,fr,2017-08-21 21:39:38 UTC,null,48.5683647,-4.5995637,11408,4117,France,Brittany,null,3G
Orange,samsung,SM-G903F,ANDROID60,fr,2017-08-17 16:44:50 UTC,null,48.9363082,2.4266039,4320,4141,France,Ile-de-France,Le Bourget,4G
Orange,samsung,SM-G530FZ,ANDROID44,fr,2017-06-19 14:59:07 UTC,-110,48.79693763,2.41795968,5334,6096,France,Ile-de-France,Vitry-sur-Seine,4G
Orange,samsung,GT-I9305,ANDROID44,fr,2017-09-04 06:14:19 UTC,null,45.49121142,0.57929828,0,0,France,Aquitaine-Limousin-Poitou-Charentes,null,UNKNOWN
Orange,vernee,Apollo,ANDROID60,fr,2017-09-11 15:01:39 UTC,null,47.9267143,1.988635,0,0,France,Centre-Val de Loire,Saint-Jean-de-Braye,3G
Orange,samsung,SM-J510FN,ANDROID60,es,2017-07-19 05:37:04 UTC,-71,43.3137085,-1.9395585,263,0,Spain,Basque Country,San Sebastian,UNKNOWN
Orange,samsung,GT-I9060I,ANDROID44,fr,2017-05-13 14:04:03 UTC,null,47.22305991,5.534626895,0,0,France,Bourgogne-Franche-ComtÃ©,null,UNKNOWN
Orange,HTC,HTC One,ANDROID50,fr,2017-09-10 10:25:25 UTC,-112,48.7992898,2.0206146,0,0,France,Ile-de-France,null,4G
Orange,samsung,SM-A310F,ANDROID60,fr,2017-09-04 17:42:31 UTC,-102,48.7705984,2.2262597,651,580,France,Ile-de-France,VÃ©lizy-Villacoublay,4G
Orange,samsung,SM-G901F,ANDROID60,fr,2017-06-11 08:07:54 UTC,null,43.6690729,4.1345785,0,0,France,Languedoc-Roussillon-Midi-PyrÃ©nÃ©es,Lunel,4G
Orange,Sony,D2303,ANDROID51,es,2017-09-04 05:32:18 UTC,null,39.4665149,-0.3372164,102,40,Spain,Valenciana,Valencia,3G
Orange,HUAWEI,G7-L01,ANDROID44,es,2017-05-28 19:05:20 UTC,-114,41.2402729,1.5722582,685,198,Spain,Catalonia,null,4G
Orange,samsung,SM-G800H,ANDROID44,pl,2017-09-13 14:04:18 UTC,null,50.32879428,18.57190992,432659,2732896,Poland,Silesian,null,3G
Orange,samsung,SM-G920F,ANDROID70,pl,2017-08-12 08:49:54 UTC,-115,50.9834926,17.0590226,980,980,Poland,Lower Silesian,null,4G
Orange,Xiaomi,Redmi Note 4,ANDROID60,es,2017-07-18 18:14:59 UTC,null,41.5393438,2.2416089,41773,112229,Spain,Catalonia,MontornÃ¨s del VallÃ¨s,3G
Orange,bq,Aquaris E5,ANDROID60,es,2017-09-05 06:44:41 UTC,null,42.4214703,-8.6506052,0,0,Spain,Galicia,Pontevedra,3G
Orange,HTC,HTC One,ANDROID50,pl,2017-08-23 14:48:12 UTC,null,50.0633691,19.9376947,90067,33726,Poland,Lesser Poland,null,3G
Orange,asus,ASUS_Z010D,ANDROID60,pl,2017-08-26 10:56:51 UTC,null,51.8546954,19.41734264,498,2603,Poland,LÃ³dz,null,4G
Orange,HTC,HTC One M8s,ANDROID60,pl,2017-08-25 06:16:53 UTC,null,50.2297003,18.9969319,516,681,Poland,Silesian,null,3G
Orange,Xiaomi,Redmi 4A,ANDROID60,es,2017-08-03 13:42:26 UTC,-114,38.8797364,-6.9418811,2658,2657,Spain,Extremadura,Badajoz,4G
Orange,HTC,HTC One,ANDROID50,es,2017-06-19 12:29:20 UTC,null,41.409546,2.1856821,5865,15407,Spain,Catalonia,Barcelona,3G
Orange,samsung,SM-G930F,ANDROID70,es,2017-08-21 14:09:21 UTC,-115,42.0538833,3.2026047,7706,2312,Spain,Catalonia,null,4G
Orange,samsung,SM-A300FU,ANDROID60,pl,2017-08-25 13:49:31 UTC,-97,53.1189021,23.1029995,15014,94631,Poland,Podlachian,null,4G
Orange,LGE,Nexus 4,ANDROID51,es,2017-09-22 16:42:05 UTC,null,41.4747699,1.9430625,4396,3125,Spain,Catalonia,null,3G
Orange,HTC,One,ANDROID71,fr,2017-08-04 15:17:38 UTC,null,46.2316571,6.1118113,1664,41418,Switzerland,Geneva,null,4G
Orange,Xiaomi,Redmi Note 4,ANDROID60,es,2017-08-05 20:21:44 UTC,null,42.5794181,-8.7040105,4288,2745,Spain,Galicia,null,3G
Orange,HUAWEI,NEM-L51,ANDROID70,fr,2017-09-22 06:53:46 UTC,-109,48.8556824,2.026923,0,0,France,Ile-de-France,null,4G
Orange,samsung,SM-T525,ANDROID44,fr,2017-08-09 07:57:25 UTC,null,44.4611466,-1.1320086,0,0,France,Aquitaine-Limousin-Poitou-Charentes,null,3G
Orange,LENOVO,Lenovo P1ma40,ANDROID51,hu,2017-08-14 04:36:57 UTC,-94,48.2355289,16.9828864,148841,232054,Slovakia,BratislavskÃ½,null,4G
Orange,samsung,GT-I9195,ANDROID44,ro,2017-08-07 13:31:46 UTC,null,47.0572152,21.9295656,1839,1005,Romania,Bihor,null,3G
Orange,Xiaomi,Redmi 3S,ANDROID60,ro,2017-08-23 16:52:52 UTC,-87,47.7478556,26.6659381,1714,0,Romania,Botosani,null,UNKNOWN
Orange,samsung,SM-N7505,ANDROID44,fr,2017-05-24 05:28:33 UTC,null,47.12472993,-0.140798407,0,0,France,Pays de la Loire,null,3G
Orange,motorola,XT1039,ANDROID51,es,2017-09-24 16:52:47 UTC,-73,40.461822,-3.6669454,37722,63156,Spain,Madrid,Madrid,UNKNOWN
Orange,samsung,SM-G928F,ANDROID60,es,2017-06-13 19:58:49 UTC,null,36.1839815,-5.4837514,133705,244448,Spain,AndalusÃ­a,Los Barrios,UNKNOWN
Orange,Google,Pixel,ANDROID71,en,2017-07-27 17:57:20 UTC,null,40.413265,-3.7000956,0,0,Spain,Madrid,Madrid,3G
Orange,HUAWEI,HUAWEI GRA-L09,ANDROID60,es,2017-08-30 14:16:01 UTC,null,39.4902787,-0.4030132,9359,41766,Spain,Valenciana,Valencia,4G
Orange,Sony,D2303,ANDROID51,es,2017-08-21 11:55:35 UTC,null,41.3925463,2.1641636,849,3713,Spain,Catalonia,Barcelona,3G
Orange,LGE,LG-H850,ANDROID70,fr,2017-08-14 14:26:54 UTC,-105,48.2469522,-3.9644304,0,0,France,Brittany,null,3G
Orange,samsung,SM-G920F,ANDROID70,pl,2017-08-25 20:52:27 UTC,null,50.9239139,4.4261039,4852788,66281180,Belgium,Flemish Brabant,Vilvoorde,UNKNOWN
Orange,samsung,SM-G935F,ANDROID70,pl,2017-07-15 20:34:01 UTC,-80,52.1793856,21.0114479,242,0,Poland,null,null,UNKNOWN
Orange,motorola,MotoG3,ANDROID60,es,2017-08-03 10:55:11 UTC,null,43.6541094,-7.3580388,19506,49969,Spain,Galicia,null,4G
Orange,samsung,SM-A310F,ANDROID60,fr,2017-07-30 11:10:14 UTC,null,45.7800189,6.047518,70,0,France,Auvergne-RhÃ´ne-Alpes,null,4G
Orange,bq,Aquaris M5.5,ANDROID60,es,2017-07-12 20:02:20 UTC,-115,40.502002,-3.6941798,648,664,Spain,Madrid,Madrid,4G
Orange,samsung,GT-I9505,ANDROID50,pl,2017-07-27 06:43:42 UTC,-89,52.0875372,15.6121635,241,0,Poland,Lubusz,null,3G
Orange,samsung,SM-N920C,ANDROID51,he,2017-09-10 12:20:46 UTC,null,45.3500822,25.5488674,582,852,Romania,Prahova,null,4G
Orange,samsung,SM-A310F,ANDROID60,fr,2017-07-18 17:13:59 UTC,null,48.7769253,2.208935,0,0,France,Ile-de-France,VÃ©lizy-Villacoublay,4G
Orange,samsung,SM-G361F,ANDROID51,pl,2017-09-07 15:16:29 UTC,-101,52.1542261,16.0516382,38013,91171,Poland,Greater Poland,null,3G
Orange,samsung,SM-G935F,ANDROID60,pl,2017-08-03 14:19:58 UTC,null,52.2215208,21.0210754,2748,23661,Poland,Masovian,null,4G
Orange,samsung,SM-A700F,ANDROID44,fr,2017-07-16 12:22:37 UTC,null,48.29545036,6.948232184,0,0,France,Alsace-Champagne-Ardenne-Lorraine,Saint-DiÃ©-des-Vosges,4G
Orange,samsung,SM-N9005,ANDROID50,fr,2017-09-19 11:17:41 UTC,-102,44.8488944,-0.570528,0,0,France,Aquitaine-Limousin-Poitou-Charentes,Bordeaux,4G
Orange,Sony,F5321,ANDROID71,hu,2017-08-12 01:52:19 UTC,null,47.7646796,18.1328529,0,0,Slovakia,Nitriansky,null,UNKNOWN
Orange,Sony,D6503,ANDROID60,pl,2017-08-18 14:43:40 UTC,null,39.0395591,-8.9547858,100,52,Portugal,Lisboa,Azambuja,3G
Orange,Sony,E2303,ANDROID60,pl,2017-09-11 19:33:56 UTC,null,54.1089351,22.9263095,502716,2778930,Poland,Podlachian,null,4G
Orange,OnePlus,A0001,ANDROID60,fr,2017-09-06 14:00:22 UTC,null,47.800146,3.5744143,5146,1737,France,Bourgogne-Franche-ComtÃ©,Auxerre,4G
Orange,Sony,F8331,ANDROID71,fr,2017-08-04 12:20:28 UTC,-91,46.2557606,1.4384517,1647,434,France,Aquitaine-Limousin-Poitou-Charentes,null,3G
Orange,LGE,LG-D722,ANDROID60,pl,2017-08-09 15:37:58 UTC,-102,48.2564706,11.4468312,1239963,2294937,Germany,Bavaria,Dachau,4G
Orange,samsung,GT-N8000,ANDROID44,pl,2017-08-13 15:50:02 UTC,null,50.05420879,18.50500282,1686,2334,Poland,Silesian,null,UNKNOWN
Orange,samsung,SM-J710F,ANDROID60,es,2017-08-28 21:30:11 UTC,-95,43.3099484,-2.9758329,0,0,Spain,Basque Country,Erandio,4G
Orange,samsung,SM-G920F,ANDROID60,ro,2017-07-16 22:10:46 UTC,null,44.4362434,26.0716704,580,580,Romania,null,null,3G
Orange,samsung,GT-I9506,ANDROID44,fr,2017-07-19 09:48:51 UTC,null,44.539501,0.2369259,1957,10454,France,Aquitaine-Limousin-Poitou-Charentes,null,4G
Orange,bq,Aquaris X5,ANDROID60,fr,2017-09-12 10:37:41 UTC,-106,45.612084,5.0242426,16419,31905,France,Auvergne-RhÃ´ne-Alpes,null,4G
Orange,samsung,GT-I9060I,ANDROID44,es,2017-04-25 15:10:54 UTC,-50,41.3740502,2.1016535,776,813,Spain,Catalonia,null,UNKNOWN
Orange,Sony,C6833,ANDROID51,es,2017-06-09 12:28:28 UTC,null,41.4894359,2.0784664,3113,711,Spain,Catalonia,Sant Cugat,3G
Orange,Sony,D6603,ANDROID60,es,2017-07-24 13:30:00 UTC,null,42.8084295,-8.5965187,52,69,Spain,Galicia,Teo,4G
Orange,samsung,GT-I9195I,ANDROID44,pl,2017-06-13 17:38:08 UTC,null,53.43113837,14.39698603,0,0,Poland,null,null,4G
Orange,Sony,F8331,ANDROID71,fr,2017-09-06 19:10:13 UTC,-98,45.7647781,4.9115357,0,0,France,Auvergne-RhÃ´ne-Alpes,Villeurbanne,4G
Orange,samsung,SM-G531F,ANDROID51,es,2017-08-04 18:41:13 UTC,null,41.361914,-4.5279487,18694,246470,Spain,Castile And LeÃ³n,null,3G
Orange,samsung,SM-G903F,ANDROID60,pl,2017-08-09 17:55:51 UTC,null,54.2500847,17.9920839,0,0,Poland,Pomeranian,null,UNKNOWN
Orange,samsung,SM-N915S,ANDROID60,ro,2017-08-25 15:30:24 UTC,null,47.2056539,26.3687967,0,0,Romania,Neamt,null,UNKNOWN
Orange,Xiaomi,Redmi 4X,ANDROID60,pl,2017-09-04 14:39:43 UTC,null,52.2256565,20.9489099,18650,27982,Poland,Masovian,null,4G
Orange,HUAWEI,EVA-L09,ANDROID60,es,2017-07-19 16:17:55 UTC,-111,41.3475548,-1.2216238,8244,14233,Spain,Aragon,null,4G
Orange,LGE,LG-D290,ANDROID44,pl,2017-05-19 15:41:00 UTC,-93,54.2662781,16.0761446,0,0,Poland,null,null,3G
Orange,Meizu,M5 Note,ANDROID60,ru,2017-09-03 18:32:12 UTC,null,46.5335867,26.9224733,780,0,Romania,Bacau,null,3G
Orange,samsung,SM-G901F,ANDROID44,fr,2017-06-02 10:07:43 UTC,null,48.6769808,2.49019156,1112,301,France,Ile-de-France,null,3G
Orange,asus,ASUS_Z010D,ANDROID60,fr,2017-09-21 16:08:57 UTC,-104,48.78431814,2.61690987,52,52,France,Ile-de-France,Pontault-Combault,4G
Orange,bq,Aquaris X5,ANDROID60,es,2017-08-27 21:23:18 UTC,-116,40.380881,-3.6130739,0,0,Spain,Madrid,Madrid,4G
Orange,samsung,SM-G900F,ANDROID60,sk,2017-07-12 21:46:34 UTC,null,48.6950664,17.8471552,3731,16582,Slovakia,null,null,UNKNOWN
Orange,samsung,SM-N910F,ANDROID60,es,2017-07-18 04:24:54 UTC,-41,40.4003212,-3.6575017,1295,10033,Spain,Madrid,Madrid,UNKNOWN
Orange,samsung,SM-J320FN,ANDROID51,es,2017-07-30 09:42:20 UTC,null,42.1210801,-8.8500701,64,166,Spain,Galicia,null,4G
Orange,bq,Aquaris E5,ANDROID44,es,2017-07-31 11:54:54 UTC,-86,42.2229815,1.8746744,5177,9659,Spain,Catalonia,null,4G
Orange,samsung,SM-A520F,ANDROID60,fr,2017-08-21 18:38:37 UTC,null,50.7098955,4.6163695,48080,435191,Belgium,Walloon Brabant,Wavre,4G
Orange,samsung,GT-I9301I,ANDROID44,sk,2017-06-20 05:22:51 UTC,-91,52.56221783,5.91304369,0,0,Netherlands,Overijssel,Kampen,3G
Orange,HUAWEI,G7-L01,ANDROID44,es,2017-07-04 15:46:08 UTC,null,39.9969318,3.8373823,48445,1201,Spain,Balearic Islands,Ciutadella,UNKNOWN
Orange,LGE,Nexus 5X,ANDROID71,es,2017-07-14 12:11:46 UTC,null,42.26673542,-3.69873849,240,120,Spain,Castile And LeÃ³n,null,3G
Orange,Sony,D6633,ANDROID60,pl,2017-09-04 06:50:38 UTC,null,49.7842191,19.0685114,26091,41328,Poland,Silesian,null,4G
Orange,samsung,SM-G920F,ANDROID60,es,2017-07-14 08:23:23 UTC,null,39.4531847,-0.3716263,718,738,Spain,Valenciana,Valencia,4G
Orange,samsung,GT-I9500,ANDROID44,pl,2017-08-10 20:56:28 UTC,null,49.8969959,18.6304857,0,0,Poland,Silesian,null,UNKNOWN
Orange,motorola,MotoE2(4G-LTE),ANDROID60,pl,2017-08-30 07:12:26 UTC,null,53.85313647,22.94619114,0,0,Poland,Podlachian,null,UNKNOWN
Orange,WIKO,RIDGE FAB 4G,ANDROID44,es,2017-09-19 17:41:12 UTC,null,39.5543053,2.6852954,0,0,Spain,Balearic Islands,Palma de Mallorca,4G
Orange,HUAWEI,EVA-L19,ANDROID70,ro,2017-07-11 08:18:47 UTC,null,47.7409341,26.6599314,23830,4456,Romania,null,null,4G
Orange,Sony,E6653,ANDROID51,fr,2017-09-27 13:56:49 UTC,null,46.5593694,0.3856012,1615,1167,France,Aquitaine-Limousin-Poitou-Charentes,Poitiers,3G
Orange,samsung,SM-G901F,ANDROID60,fr,2017-08-15 16:27:52 UTC,null,49.7333069,4.8353219,31799,189181,France,Alsace-Champagne-Ardenne-Lorraine,null,UNKNOWN
Orange,samsung,SM-G930F,ANDROID70,fr,2017-08-21 20:06:59 UTC,null,47.9312452,-2.8929077,79207,305091,France,Brittany,null,UNKNOWN
Orange,motorola,MotoG3,ANDROID60,pl,2017-09-03 17:56:58 UTC,null,50.3842113,19.7754731,0,0,Poland,Lesser Poland,null,3G
Orange,LGE,LG-H850,ANDROID70,es,2017-07-13 13:30:03 UTC,-89,42.8183146,-1.6258386,32731,23243,Spain,Navarra,Pamplona,4G
Orange,samsung,SM-T561,ANDROID44,pl,2017-08-11 22:09:52 UTC,-85,50.07589011,22.49062976,712,580,Poland,Subcarpathian,null,UNKNOWN
Orange,samsung,SM-A500FU,ANDROID44,es,2017-09-11 18:12:11 UTC,null,38.3428339,-0.5044006,156,2966,Spain,Valenciana,Alicante,4G
Orange,samsung,SM-G935F,ANDROID70,pl,2017-08-29 19:39:19 UTC,null,50.2759928,19.1825509,0,0,Poland,Silesian,null,UNKNOWN
Orange,samsung,SM-A300FU,ANDROID60,fr,2017-08-22 09:26:38 UTC,null,48.6882007,2.1961254,7273,11407,France,Ile-de-France,Les Ulis,UNKNOWN
Orange,motorola,MotoG3,ANDROID60,es,2017-09-09 19:08:42 UTC,-118,37.681804,-0.87424933,632,632,Spain,Murcia,Cartagena,4G
Orange,samsung,SM-G850F,ANDROID50,nl,2017-09-07 06:32:13 UTC,null,50.9382929,5.3669278,350,949,Belgium,Limburg,Hasselt,4G
Orange,Xiaomi,Redmi Note 4,ANDROID60,es,2017-08-28 17:49:58 UTC,null,39.46911093,-3.53802499,1299,632,Spain,Castile-La Mancha,null,UNKNOWN
Orange,asus,P024,ANDROID60,de,2017-09-03 06:55:14 UTC,-105,41.0169833,0.196573,0,0,Spain,Aragon,null,3G
Orange,motorola,XT1072,ANDROID50,es,2017-09-08 08:07:03 UTC,null,40.4485157,-3.6952995,43796,58434,Spain,Madrid,Madrid,3G
Orange,samsung,SM-G920F,ANDROID70,es,2017-09-13 09:08:28 UTC,null,43.5390827,-5.6763593,619,932,Spain,Asturias,GijÃ³n,4G
Orange,Sony,F5121,ANDROID71,fr,2017-07-15 03:52:01 UTC,null,44.1951312,0.5129679,1915,5968,France,Aquitaine-Limousin-Poitou-Charentes,null,3G
Orange,bq,Aquaris E5,ANDROID51,es,2017-07-21 15:27:23 UTC,-87,42.9823291,-2.6455726,0,0,Spain,Basque Country,null,3G
Orange,samsung,GT-I9505,ANDROID50,pl,2017-08-30 16:28:45 UTC,null,50.334576,19.2089671,3120,3188,Poland,Silesian,null,4G
Orange,samsung,GT-N7100,ANDROID44,pl,2017-08-30 15:58:51 UTC,null,52.2768593,20.9622221,6358,15003,Poland,Masovian,null,3G
Orange,samsung,SM-G903F,ANDROID60,pl,2017-08-26 08:15:46 UTC,-90,50.2881944,18.6940956,980,980,Poland,Silesian,null,4G
Orange,samsung,GT-N7100,ANDROID44,fr,2017-08-13 13:54:56 UTC,null,47.34667658,5.163899165,15668,39008,France,Bourgogne-Franche-ComtÃ©,null,3G
Orange,LGE,LG-D855,ANDROID71,pl,2017-09-08 04:51:47 UTC,-113,54.1248793,22.9269556,820,950,Poland,Podlachian,null,3G
Orange,samsung,SM-G935F,ANDROID70,pl,2017-07-30 17:37:54 UTC,-83,52.163404,22.2625881,248,2008,Poland,Masovian,null,3G
Orange,samsung,GT-N7100,ANDROID44,ro,2017-05-30 13:33:52 UTC,null,47.75422335,26.67058396,400,400,Romania,Botosani,null,3G
Orange,samsung,SM-G800F,ANDROID44,fr,2017-09-07 15:58:17 UTC,null,49.31899878,2.442562079,0,0,France,Nord-Pas-de-Calais-Picardie,null,4G
Orange,samsung,GT-S7580,ANDROID42,es,2017-08-29 10:07:10 UTC,-91,43.3329491,-3.0221062,0,0,Spain,null,null,3G
Orange,bq,Aquaris X5 Plus,ANDROID71,es,2017-08-06 05:04:51 UTC,null,42.5634667,-8.9916249,1051,1781,Spain,Galicia,Ribeira,3G
Orange,Sony,D6503,ANDROID44,pl,2017-07-12 18:42:59 UTC,-73,52.22935136,20.90380517,892522,8476471,Poland,null,null,3G
Orange,samsung,SM-G935F,ANDROID70,pl,2017-07-17 06:01:25 UTC,-104,51.16766803,17.02761086,980,980,Poland,null,null,4G
Orange,samsung,GT-N7105,ANDROID44,fr,2017-08-15 12:00:41 UTC,null,44.79846015,-1.23527967,4047,5840,France,null,null,3G
Orange,LENOVO,Lenovo K33a48,ANDROID70,ro,2017-09-09 16:27:08 UTC,null,47.6019282,23.6582686,0,0,Romania,Maramures,null,3G
Orange,LGE,LG-D855,ANDROID60,es,2017-08-30 07:56:44 UTC,null,39.4855139,-0.4524204,113513,898238,Spain,Valenciana,Manises,3G
Orange,samsung,SM-J500FN,ANDROID51,es,2017-08-16 08:26:34 UTC,-103,36.4305801,-6.1453358,61113,43472,Spain,AndalusÃ­a,Chiclana de la Frontera,3G
Orange,LGE,LG-D855,ANDROID60,es,2017-07-11 13:24:20 UTC,-90,41.6484734,-0.8805579,580,493,Spain,Aragon,Saragossa,4G
Orange,samsung,GT-I9195,ANDROID44,hu,2017-05-19 04:05:29 UTC,null,48.14504479,19.25850905,25115,68590,Slovakia,null,null,UNKNOWN
Orange,motorola,XT1562,ANDROID60,pl,2017-08-05 20:10:44 UTC,-101,49.8220412,19.0306558,0,0,Poland,Silesian,null,3G
Orange,samsung,GT-I9301I,ANDROID44,pl,2017-06-13 14:39:01 UTC,null,52.34638226,14.8378372,58463,98704,Poland,null,null,3G
Orange,samsung,GT-I9195,ANDROID44,ro,2017-08-06 21:27:27 UTC,null,47.0698097,21.9218484,5700,11290,Romania,Bihor,null,3G
Orange,samsung,SM-G920F,ANDROID70,fr,2017-09-03 18:55:00 UTC,-103,49.0169211,1.4667327,580,580,France,Normandy,null,4G
Orange,bq,Aquaris M5.5,ANDROID60,es,2017-09-02 17:47:49 UTC,null,40.452683,-3.6879676,0,0,Spain,Madrid,Madrid,4G
Orange,samsung,SM-G955F,ANDROID70,ro,2017-08-26 04:51:53 UTC,null,34.9887627,33.9831074,0,0,Cyprus,Famagusta,null,UNKNOWN
