main_ServiceProvider,main_Device_Manufacturer,main_Device_Model,main_Device_OS,main_Device_DeviceLanguage,main_QOS_QOSDate,main_QOS_SignalStrength,main_QOS_Location_Latitude,main_QOS_Location_Longitude,main_QOS_DeltaTransmittedBytes,main_QOS_DeltaReceivedBytes,main_Country,main_Region,main_City,conn_Generation_Category
AT&T,samsung,SAMSUNG-SM-T337A,ANDROID44,en,2017-06-17 04:30:20 UTC,-84,39.11908363,-90.85834989,719,788,United States,Missouri,null,4G
AT&T,LGE,LG-D950,ANDROID44,en,2017-05-09 22:43:06 UTC,null,33.00338355,-96.95511063,5863,20926,United States,Texas,Lewisville,4G
AT&T,Sony,F3313,ANDROID60,es,2017-06-29 06:33:04 UTC,-62,33.4765374,-93.99757,38712,42684,United States,Arkansas,Texarkana,4G
AT&T,PANTECH,IM-100K,ANDROID60,ko,2017-06-27 14:35:30 UTC,null,38.3318598,-85.6889099,70387,129647,United States,Indiana,Jeffersonville,3G
AT&T,LGE,LG-E980,ANDROID44,en,2017-05-01 00:17:13 UTC,-99,29.85260634,-97.52473246,0,0,United States,Texas,null,3G
,,,,,,,,,,,,,,
,,,,,some blank rows in here,,,,,,,,,
,,,,,,,,,,,,,,
AT&T,Sony,D6616,ANDROID50,en,2017-07-19 21:30:15 UTC,null,37.3609076,-122.0972031,450189,671324,United States,California,Los Altos,3G
AT&T,samsung,SAMSUNG-SGH-I747,ANDROID44,es,2017-06-04 20:47:34 UTC,null,41.74578269,-88.31795035,10471,161104,United States,Illinois,Aurora,3G
AT&T,LGE,LG-F460K,ANDROID50,ko,2017-06-18 13:37:04 UTC,null,38.9463071,-77.3398007,414,0,United States,Virginia,Reston,3G
AT&T,samsung,SM-G950U1,ANDROID70,en,2017-07-24 02:08:50 UTC,-79,26.1368367,-80.2560792,0,0,United States,Florida,Plantation,4G
AT&T,samsung,SAMSUNG-SGH-I747,ANDROID44,en,2017-06-19 13:58:22 UTC,null,41.22225587,-79.3642481,183,814,United States,Pennsylvania,null,3G
AT&T,samsung,SAMSUNG-SGH-I747,ANDROID44,en,2017-07-26 23:47:08 UTC,null,37.54598883,-121.9804925,68,108,United States,California,Fremont,3G
AT&T,samsung,SHV-E250L,ANDROID44,ko,2017-06-08 01:39:00 UTC,-95,33.0155762,-117.0782658,0,0,United States,California,San Diego,3G
AT&T,samsung,SAMSUNG-SM-T337A,ANDROID44,en,2017-06-12 03:42:50 UTC,null,33.9659462,-84.24715445,137,181,United States,Georgia,null,4G
AT&T,samsung,SAMSUNG-SM-G750A,ANDROID44,en,2017-07-02 22:31:51 UTC,null,33.1111333,-96.11622852,580,580,United States,Texas,Greenville,4G
AT&T,samsung,SAMSUNG-SM-G870A,ANDROID60,en,2017-06-08 16:52:58 UTC,-63,32.2653033,-110.8935819,129626,1413568,United States,Arizona,Tucson,4G
AT&T,Apple,"iPhone9,4",IOS103,en,2017-06-20 18:03:40 UTC,null,41.815754,-88.363298,561710,10486865,United States,Illinois,North Aurora,4G
AT&T,samsung,SAMSUNG-SM-G890A,ANDROID70,en,2017-06-09 20:03:24 UTC,-69,28.5166773,-81.3762446,0,0,United States,Florida,Orlando,4G
AT&T,LGE,LG-D950,ANDROID44,en,2017-05-11 19:46:37 UTC,-80,35.37578239,-97.42366164,906,426,United States,Oklahoma,Oklahoma City,4G
AT&T,motorola,Moto G Play,ANDROID60,en,2017-07-11 21:50:07 UTC,null,34.6646456,-86.4228755,11214,11332,United States,Alabama,Huntsville,4G
AT&T,samsung,SAMSUNG-SM-G920A,ANDROID60,en,2017-05-06 17:00:40 UTC,-113,39.1550428,-84.4278113,1124088,1784795,United States,Ohio,Cincinnati,4G
AT&T,samsung,SAMSUNG-SM-T217A,ANDROID44,en,2017-05-15 13:36:56 UTC,-88,38.70080113,-76.87549024,1763,596,United States,Maryland,null,4G
AT&T,samsung,SAMSUNG-SGH-I337,ANDROID44,en,2017-06-22 00:53:23 UTC,null,36.55091334,-95.56022097,685,214,United States,Oklahoma,null,3G
AT&T,samsung,SAMSUNG-SM-G870A,ANDROID44,en,2017-05-06 01:58:19 UTC,-73,29.35382016,-95.359763,33492,1891771,United States,Texas,null,4G
AT&T,samsung,SAMSUNG-SM-G920A,ANDROID70,en,2017-07-22 22:57:00 UTC,null,27.9971372,-82.6846368,27908,29805,United States,Florida,Safety Harbor,4G
AT&T,LGE,LG-F320K,ANDROID44,ko,2017-06-09 20:53:41 UTC,-107,43.0829999,-89.4770514,2699,2990,United States,Wisconsin,Madison,3G
AT&T,samsung,SAMSUNG-SM-G870A,ANDROID44,en,2017-05-08 02:39:17 UTC,-74,37.67772012,-122.0646926,0,0,United States,California,null,4G
AT&T,samsung,SAMSUNG-SM-G890A,ANDROID51,en,2017-07-24 16:29:40 UTC,-51,39.6846896,-78.1095803,0,0,United States,Maryland,null,3G
AT&T,samsung,SAMSUNG-SM-G870A,ANDROID44,en,2017-07-02 04:18:06 UTC,-58,21.39301144,-157.977468,13716,53382,United States,Hawaii,null,4G
AT&T,OnePlus,ONEPLUS A3000,ANDROID71,en,2017-07-21 23:50:17 UTC,null,34.9169995,-86.9082365,808,835,United States,Alabama,null,3G
AT&T,samsung,SHV-E470S,ANDROID50,ko,2017-06-13 18:38:52 UTC,-73,40.7065842,-74.0127638,2528,6440,United States,New York,New York,3G
AT&T,samsung,SAMSUNG-SGH-I747,ANDROID44,en,2017-07-12 01:01:06 UTC,null,37.4976513,-91.8510333,282,474,United States,Missouri,null,3G
AT&T,samsung,SAMSUNG-SM-T337A,ANDROID44,en,2017-05-12 15:32:43 UTC,-40,40.74046454,-73.97603214,0,0,United States,New York,New York,4G
AT&T,motorola,XT1575,ANDROID60,en,2017-07-31 14:59:42 UTC,-103,40.8813106,-73.0529904,0,0,United States,New York,Centereach,3G
AT&T,samsung,SAMSUNG-SGH-I337,ANDROID44,en,2017-06-19 20:39:02 UTC,null,36.83957819,-119.6821831,713602,21426824,United States,California,Clovis,3G
AT&T,LGE,LG-H910,ANDROID70,en,2017-07-19 07:35:28 UTC,-78,41.4287568,-79.7040524,179051,4014004,United States,Pennsylvania,null,4G
AT&T,samsung,SAMSUNG-SGH-I747,ANDROID44,en,2017-06-29 17:31:04 UTC,null,39.75009975,-84.13689262,0,0,United States,Ohio,Dayton,4G
AT&T,samsung,SM-G925F,ANDROID60,en,2017-06-26 18:27:49 UTC,-51,40.9353299,-77.0420119,13447,22107,United States,Pennsylvania,null,3G
AT&T,LGE,LG-H820,ANDROID70,en,2017-07-23 02:07:36 UTC,null,36.2511725,-93.1204194,112478,31037,United States,Arkansas,null,4G
AT&T,samsung,SAMSUNG-SM-J320A,ANDROID60,en,2017-06-14 18:08:40 UTC,null,38.9116466,-77.1033085,256,260,United States,Virginia,Arlington,3G
AT&T,samsung,SAMSUNG-SGH-I337,ANDROID44,en,2017-06-26 12:09:46 UTC,null,34.59702387,-90.39968878,0,0,United States,Mississippi,null,3G
AT&T,motorola,Moto Z2 Play,ANDROID71,en,2017-06-06 22:22:11 UTC,-62,42.16348669,-87.95207765,0,0,United States,Illinois,null,4G
AT&T,samsung,SAMSUNG-SGH-I257,ANDROID44,en,2017-06-23 18:23:40 UTC,-58,38.64463724,-83.7500389,3807,3194,United States,Kentucky,null,4G
AT&T,samsung,SAMSUNG-SGH-I747,ANDROID44,en,2017-05-12 20:32:15 UTC,-62,33.04516127,-116.8633392,8356,19452,United States,California,null,4G
AT&T,Sony,F8332,ANDROID70,en,2017-05-28 01:38:03 UTC,-85,33.9355222,-118.2542612,520,28496,United States,California,Los Angeles,4G
AT&T,samsung,SAMSUNG-SGH-I747,ANDROID43,en,2017-07-01 15:30:35 UTC,-53,21.3168683,-158.0710699,2002859,6994634,United States,Hawaii,null,4G
AT&T,samsung,SAMSUNG-SM-T217A,ANDROID44,en,2017-06-05 20:56:19 UTC,null,34.30077856,-92.10409547,2734,1417,United States,Arkansas,null,3G
AT&T,samsung,SAMSUNG-SM-J727A,ANDROID70,en,2017-07-26 05:12:29 UTC,-86,30.8868385,-84.5612409,580,580,United States,Georgia,null,4G
AT&T,motorola,Nexus 6,ANDROID70,en,2017-07-31 16:41:49 UTC,null,44.207365,-92.6268385,202463,242606,United States,Minnesota,null,4G
AT&T,samsung,SAMSUNG-SM-J320A,ANDROID60,en,2017-07-22 17:38:34 UTC,-84,30.3660372,-90.9684464,719,857,United States,Louisiana,null,4G
AT&T,Apple,iPhone 6S Plus,IOS103,en,2017-06-21 17:11:37 UTC,null,38.852389,-77.341676,1045519,24898020,United States,Virginia,null,UNKNOWN
AT&T,samsung,SCL24,ANDROID44,en,2017-06-02 00:08:52 UTC,null,33.21258578,-97.15995062,0,0,United States,Texas,Denton,4G
AT&T,samsung,SAMSUNG-SM-G928A,ANDROID70,en,2017-07-08 17:28:11 UTC,-73,32.9783636,-96.7677843,804,941,United States,Texas,null,4G
AT&T,samsung,SAMSUNG-SM-G730A,ANDROID44,en,2017-06-06 17:37:58 UTC,null,32.69081262,-97.11122585,1270,872,United States,Texas,Arlington,4G
AT&T,LGE,LG-D950,ANDROID44,en,2017-05-26 17:27:00 UTC,null,39.05531157,-95.67654463,0,0,United States,Kansas,Topeka,4G
AT&T,samsung,SAMSUNG-SM-G925A,ANDROID70,en,2017-06-25 16:26:32 UTC,null,33.6831023,-117.8566297,580,8097,United States,California,Irvine,4G
AT&T,samsung,SAMSUNG-SGH-I747,ANDROID44,en,2017-07-19 00:07:41 UTC,-65,31.73543754,-95.61531336,719,804,United States,Texas,Palestine,4G
AT&T,samsung,SAMSUNG-SGH-I747,ANDROID44,en,2017-07-08 20:42:00 UTC,-57,35.2063925,-113.9947213,2877,22357,United States,Arizona,Kingman,4G
AT&T,samsung,SAMSUNG-SM-G870A,ANDROID60,en,2017-07-10 16:54:43 UTC,-109,33.7636998,-97.1084355,3068,3599,United States,Oklahoma,null,3G
AT&T,LGE,LG-H910,ANDROID70,en,2017-07-12 23:54:53 UTC,null,36.5739109,-119.6023494,1286823,27225110,United States,California,Selma,4G
AT&T,LGE,LG-K371,ANDROID60,en,2017-05-27 08:16:24 UTC,-62,34.09679,-118.3378393,0,0,United States,California,Los Angeles,4G
AT&T,samsung,SM-G930U,ANDROID70,en,2017-07-07 13:02:12 UTC,null,38.3196629,-85.5555809,105318,1633862,United States,Kentucky,Louisville,4G
AT&T,OnePlus,ONEPLUS A3000,ANDROID71,en,2017-07-23 00:20:11 UTC,null,47.6759848,-122.3700194,89117,282328,United States,Washington,Seattle,3G
AT&T,LGE,LG-H873,ANDROID70,en,2017-06-12 19:43:12 UTC,null,41.9295328,-78.6814335,67194,108883,United States,Pennsylvania,null,4G
AT&T,samsung,SAMSUNG-SM-G890A,ANDROID70,en,2017-06-17 20:06:56 UTC,-78,41.7510545,-88.007718,34534,182281,United States,Illinois,Darien,4G
AT&T,HTC,HTC One A9,ANDROID60,en,2017-07-03 15:34:36 UTC,null,29.9530599,-95.5445639,1764,6316,United States,Texas,Houston,4G
AT&T,samsung,SAMSUNG-SGH-I537,ANDROID50,en,2017-06-22 22:07:13 UTC,null,36.718523,-108.156398,8363,18816,United States,New Mexico,Farmington,4G
AT&T,LGE,LG-D950,ANDROID44,en,2017-07-31 09:14:36 UTC,null,44.7437667,-91.38483573,23231,50377,United States,Wisconsin,null,3G
AT&T,samsung,SAMSUNG-SM-G530AZ,ANDROID44,es,2017-06-23 18:04:20 UTC,null,30.13448001,-97.42841499,4860,178095,United States,Texas,null,4G
AT&T,samsung,SAMSUNG-SM-G920A,ANDROID70,en,2017-07-14 19:25:27 UTC,null,47.7568152,-122.604388,1451243,56953249,United States,Washington,null,4G
AT&T,HMD Global,TA-1025,ANDROID71,en,2017-07-23 22:54:38 UTC,-90,42.0234753,-83.4050003,124,72,United States,Michigan,null,4G
AT&T,samsung,SAMSUNG-SM-G890A,ANDROID70,en,2017-07-28 02:50:03 UTC,-74,42.8842488,-78.7632171,18056,40679,United States,New York,Cheektowaga,4G
AT&T,OnePlus,ONEPLUS A3000,ANDROID71,en,2017-07-13 15:57:46 UTC,-82,40.399428,-79.5870215,719,804,United States,Pennsylvania,null,4G
AT&T,samsung,SAMSUNG-SGH-I537,ANDROID44,en,2017-05-16 20:59:08 UTC,null,30.3939752,-91.0941317,1022847,12623034,United States,Louisiana,Baton Rouge,4G
AT&T,LGE,LG-H950,ANDROID51,ko,2017-06-14 01:11:52 UTC,-66,40.7575091,-73.792849,0,0,United States,New York,New York,4G
AT&T,samsung,SAMSUNG-SGH-I337,ANDROID44,en,2017-07-03 12:08:20 UTC,-83,34.57406628,-90.40833301,0,0,United States,Mississippi,null,4G
AT&T,samsung,SAMSUNG-SM-J120A,ANDROID60,en,2017-07-12 18:57:14 UTC,-77,26.6383149,-81.8698731,14821,23256,United States,Florida,Fort Myers,4G
AT&T,motorola,Nexus 6,ANDROID70,en,2017-07-20 16:31:38 UTC,null,40.2246297,-76.094161,11360,91206,United States,Pennsylvania,null,4G
AT&T,samsung,SAMSUNG-SM-J320A,ANDROID60,en,2017-07-25 13:15:07 UTC,null,35.1751384,-92.7283743,104593,323860,United States,Arkansas,null,4G
AT&T,samsung,GT-I9505,ANDROID50,fr,2017-07-23 19:23:39 UTC,null,34.9187352,-116.6450346,9705,13034,United States,California,null,3G
AT&T,OnePlus,ONEPLUS A3000,ANDROID71,en,2017-07-26 18:15:51 UTC,-67,40.6320139,-75.3546641,0,0,United States,Pennsylvania,Bethlehem,4G
AT&T,LGE,LG-H810,ANDROID60,en,2017-07-20 20:23:29 UTC,-103,40.3737512,-105.5084347,2277,1359,United States,Colorado,null,3G
AT&T,samsung,SAMSUNG-SGH-I337,ANDROID44,en,2017-06-29 02:33:14 UTC,-81,38.97892301,-94.56557625,26566,191597,United States,Missouri,Kansas City,4G
AT&T,LGE,LG-D851,ANDROID44,en,2017-07-17 01:47:42 UTC,-69,27.44905318,-82.52764185,0,0,United States,Florida,null,4G
AT&T,HTC,HTC One_M8,ANDROID60,en,2017-07-16 19:59:28 UTC,null,35.7792919,-78.6631778,817,543,United States,North Carolina,Raleigh,4G
AT&T,kyocera,KYOCERA-E6560,ANDROID44,en,2017-06-01 04:12:19 UTC,-111,37.05454215,-96.1070451,0,0,United States,Kansas,null,3G
AT&T,samsung,SAMSUNG-SM-G928A,ANDROID60,en,2017-07-24 22:23:46 UTC,-62,21.3306246,-157.8448694,580,632,United States,Hawaii,Honolulu,4G
AT&T,LGE,LGMS550,ANDROID70,en,2017-07-22 18:44:07 UTC,null,32.8017533,-80.7211291,57152,1033309,United States,South Carolina,null,4G
AT&T,samsung,SAMSUNG-SM-J320A,ANDROID60,en,2017-06-09 22:25:37 UTC,null,39.0465581,-77.2745391,494,708,United States,Maryland,null,4G
AT&T,LGE,LG-H820,ANDROID70,en,2017-07-18 13:26:38 UTC,null,38.554307,-90.3023227,0,0,United States,Missouri,null,4G
AT&T,samsung,SAMSUNG-SM-G925A,ANDROID70,en,2017-05-22 15:57:57 UTC,-79,42.5607346,-83.1066403,884,4013,United States,Michigan,Troy,4G
AT&T,samsung,SAMSUNG-SGH-I537,ANDROID44,en,2017-05-05 09:29:53 UTC,-74,31.6473133,-92.1813382,104,104,United States,Louisiana,null,4G
AT&T,motorola,Moto G (5) Plus,ANDROID70,en,2017-07-08 15:53:50 UTC,null,40.4523177,-86.1288267,13119,9572,United States,Indiana,Kokomo,4G
AT&T,samsung,SAMSUNG-SM-J320A,ANDROID60,en,2017-06-22 21:09:21 UTC,null,38.8978248,-77.0720472,0,0,United States,Virginia,Arlington,4G
AT&T,OnePlus,A0001,ANDROID60,en,2017-07-21 19:29:51 UTC,null,36.02819359,-79.92938939,12536,106311,United States,North Carolina,null,4G
AT&T,samsung,SAMSUNG-SGH-I317,ANDROID44,en,2017-07-29 02:49:25 UTC,null,30.39309239,-86.32605976,0,0,United States,Florida,null,3G
AT&T,OnePlus,ONEPLUS A5000,ANDROID71,en,2017-07-31 23:26:21 UTC,-51,30.0036106,-95.5552004,0,0,United States,Texas,null,3G
AT&T,samsung,SAMSUNG-SM-G750A,ANDROID51,en,2017-06-23 18:39:32 UTC,-82,38.9032074,-76.9394707,0,0,United States,District of Columbia,District of Columbia,4G
AT&T,LGE,LG-H900,ANDROID60,en,2017-07-07 23:12:07 UTC,-75,42.5327708,-85.8434149,1139993,2226455,United States,Michigan,null,4G
AT&T,samsung,SAMSUNG-SM-J327A,ANDROID70,en,2017-07-31 12:40:21 UTC,null,30.2295481,-81.5130739,1573,1221,United States,Florida,Jacksonville,4G
AT&T,samsung,SAMSUNG-SM-J320A,ANDROID60,en,2017-07-16 18:39:42 UTC,-51,36.6549873,-93.460978,0,0,United States,Missouri,null,3G
AT&T,samsung,SAMSUNG-SM-G920A,ANDROID70,en,2017-07-14 17:35:16 UTC,-66,35.1455453,-80.9913701,967,1091,United States,North Carolina,Charlotte,4G
AT&T,samsung,SCH-I545,ANDROID44,es,2017-05-21 15:44:28 UTC,null,34.264901,-86.1882475,1801,1639,United States,Alabama,Albertville,3G
AT&T,samsung,SM-G935F,ANDROID60,en,2017-07-31 21:48:25 UTC,-51,32.7136283,-117.162699,404,1195,United States,California,San Diego,3G
AT&T,motorola,XT1058,ANDROID51,en,2017-07-22 21:39:44 UTC,null,44.9902725,-93.1550817,1040,2122,United States,Minnesota,Saint Paul,3G
AT&T,samsung,SAMSUNG-SM-G870A,ANDROID44,en,2017-07-24 22:02:48 UTC,-87,46.32607921,-96.00736659,1374,488,United States,Minnesota,null,4G
AT&T,Apple,iPhone 6,IOS103,en,2017-06-29 22:41:08 UTC,null,32.959141,-117.228149,3724,83456,United States,California,San Diego,4G
AT&T,motorola,Moto G (5) Plus,ANDROID70,en,2017-07-25 15:40:58 UTC,null,38.6743149,-90.4537656,0,0,United States,Missouri,null,4G
AT&T,LGE,LG-M150,ANDROID60,en,2017-05-28 01:04:01 UTC,null,41.8554,-87.9529318,0,0,United States,Illinois,null,4G
AT&T,samsung,SAMSUNG-SM-T337A,ANDROID51,en,2017-07-31 20:51:15 UTC,null,27.9933627,-82.8186589,0,0,United States,Florida,Clearwater,4G
AT&T,LGE,LG-H700,ANDROID70,en,2017-07-12 13:06:46 UTC,null,29.5064751,-95.1196131,0,0,United States,Texas,League City,4G
AT&T,motorola,Moto G (4),ANDROID70,en,2017-07-27 16:20:24 UTC,-91,48.3519613,-122.4239974,0,0,United States,Washington,null,3G
AT&T,samsung,SAMSUNG-SM-N915A,ANDROID60,en,2017-07-16 15:42:37 UTC,null,33.7767176,-117.8444164,1474,1357,United States,California,Orange,4G
AT&T,samsung,SM-G930W8,ANDROID70,en,2017-07-21 00:09:05 UTC,-73,43.32105399,-96.79628135,15959,21281,United States,South Dakota,null,3G
AT&T,samsung,SAMSUNG-SM-G750A,ANDROID44,en,2017-07-31 16:18:39 UTC,null,29.71592491,-95.4772599,0,0,United States,Texas,Houston,3G
AT&T,samsung,SAMSUNG-SM-G890A,ANDROID60,en,2017-07-24 11:10:10 UTC,null,36.2938152,-94.1158193,11950,13423,United States,Arkansas,Rogers,4G
AT&T,HTC,HTC One_M8,ANDROID60,en,2017-07-27 00:21:46 UTC,-51,46.8221837,-95.8522277,0,0,United States,Minnesota,null,4G
AT&T | Telenor DK,samsung,SM-G950F,ANDROID70,en,2017-07-21 18:12:41 UTC,-85,47.7862847,-120.8774829,0,0,United States,Washington,null,3G
AT&T,OnePlus,ONEPLUS A3000,ANDROID71,en,2017-07-24 03:16:25 UTC,null,41.28230973,-72.88067582,17248,14923,United States,Connecticut,East Haven,3G
AT&T,samsung,SAMSUNG-SM-G870A,ANDROID50,en,2017-07-20 22:47:20 UTC,-81,25.7400193,-80.3919057,580,580,United States,Florida,null,4G
AT&T,asus,ASUS_Z00TD,ANDROID60,en,2017-07-15 20:43:49 UTC,-67,33.3804949,-111.9772259,1235,4742,United States,Arizona,null,4G
AT&T,motorola,XT1058,ANDROID51,en,2017-07-29 21:26:07 UTC,-51,43.5290458,-121.86124,6184,5156,United States,Oregon,null,3G
AT&T,motorola,XT1575,ANDROID60,en,2017-07-19 21:43:49 UTC,null,30.48061938,-97.60650398,18569,41347,United States,Texas,Pflugerville,4G
AT&T,samsung,SM-G710S,ANDROID44,en,2017-07-17 04:55:29 UTC,-87,40.79256684,-73.79737007,17339,214807,United States,New York,New York,3G
AT&T,samsung,SAMSUNG-SM-G920A,ANDROID70,en,2017-07-20 16:08:09 UTC,-69,40.9894496,-74.3072254,3583,12487,United States,New Jersey,null,4G
AT&T,samsung,SAMSUNG-SM-G920A,ANDROID70,en,2017-07-14 22:58:33 UTC,-77,33.5413204,-112.2151509,580,580,United States,Arizona,null,4G
AT&T,HTC,HTC One_M8,ANDROID60,en,2017-07-24 17:53:57 UTC,-52,35.8725901,-78.7262842,877,1132,United States,North Carolina,Raleigh,4G
AT&T,LGE,LG-K425,ANDROID70,en,2017-07-17 18:52:29 UTC,null,44.9705368,-93.233318,0,0,United States,Minnesota,Minneapolis,4G
AT&T,samsung,SAMSUNG-SM-T217A,ANDROID44,en,2017-06-06 00:50:47 UTC,null,35.70286389,-97.47734059,46206,2070246,United States,Oklahoma,Edmond,4G
AT&T,LGE,LG-H910,ANDROID70,en,2017-07-16 00:48:37 UTC,-67,29.8909348,-97.9145187,0,0,United States,Texas,San Marcos,4G
AT&T,samsung,SAMSUNG-SM-T337A,ANDROID44,en,2017-07-15 22:55:09 UTC,-72,39.8462618,-75.38973451,580,580,United States,Pennsylvania,null,4G
AT&T,samsung,SAMSUNG-SM-G890A,ANDROID70,en,2017-05-26 05:07:09 UTC,-65,33.9546692,-80.3727375,222,365,United States,South Carolina,Sumter,4G
AT&T,samsung,SM-A520W,ANDROID60,en,2017-07-26 18:23:37 UTC,null,43.0756623,-87.9065385,2702,2730,United States,Wisconsin,Milwaukee,3G
AT&T,blackberry,STV100-1,ANDROID60,en,2017-07-15 02:18:32 UTC,-89,36.0089199,-78.9388898,17124,17656,United States,North Carolina,Durham,4G
AT&T,samsung,SAMSUNG-SGH-I747,ANDROID44,en,2017-07-10 21:41:24 UTC,-48,41.87757766,-87.64953554,719,788,United States,Illinois,Chicago,4G
AT&T,samsung,SAMSUNG-SM-G925A,ANDROID70,en,2017-07-14 15:14:25 UTC,-51,32.9897715,-96.9820125,293908,2883957,United States,Texas,Lewisville,3G
AT&T,LGE,LG-D950,ANDROID44,en,2017-07-25 17:14:23 UTC,-81,34.60153868,-85.73519075,3531,12092,United States,Alabama,null,4G
AT&T,HTC,HTC U11,ANDROID71,en,2017-07-27 18:51:40 UTC,null,32.9418577,-96.8329121,4944885,2177611,United States,Texas,Farmers Branch,3G
AT&T,Apple,"iPhone9,4",IOS103,en,2017-07-19 23:30:23 UTC,null,32.840344,-97.151576,478424,2453197,United States,Texas,Bedford,UNKNOWN
AT&T,samsung,SAMSUNG-SM-G870A,ANDROID60,en,2017-07-09 22:01:20 UTC,-109,39.7342574,-75.0082225,2172,5076,United States,New Jersey,null,3G
AT&T,samsung,SAMSUNG-SM-J320A,ANDROID60,en,2017-07-23 22:08:41 UTC,-55,41.9628281,-87.6518509,0,0,United States,Illinois,Chicago,4G
AT&T,LGE,LG-D800,ANDROID50,en,2017-07-25 16:23:15 UTC,-105,32.9260489,-97.3663428,653,709,United States,Texas,Fort Worth,3G
AT&T,samsung,SM-N930F,ANDROID60,en,2017-07-15 19:17:52 UTC,null,34.7530186,-89.4566386,60,40,United States,Mississippi,null,4G
AT&T,samsung,SM-N9005,ANDROID50,en,2017-05-30 00:35:29 UTC,-85,34.2722016,-118.7711314,10586147,41259758,United States,California,Simi Valley,3G
AT&T,samsung,SAMSUNG-SM-G870A,ANDROID60,en,2017-07-31 00:19:09 UTC,null,46.8574833,-96.768871,4962,6312,United States,Minnesota,Moorhead,4G
AT&T,samsung,SM-G955F,ANDROID70,en,2017-07-26 14:29:01 UTC,-83,34.235759,-85.7854047,0,0,United States,Alabama,null,4G
AT&T,HTC,HTC One M9,ANDROID70,en,2017-07-27 12:41:58 UTC,-85,42.9484698,-83.6541165,0,0,United States,Michigan,Flint,4G
AT&T,motorola,Nexus 6,ANDROID71,en,2017-07-13 14:52:36 UTC,-69,39.9516082,-75.1622597,176,176,United States,Pennsylvania,Philadelphia,4G
AT&T,LGE,LG-H910,ANDROID70,en,2017-07-29 03:22:10 UTC,null,43.5042579,-83.4069188,17329,37041,United States,Michigan,null,4G
AT&T,HUAWEI,H1611,ANDROID60,en,2017-07-21 18:24:07 UTC,-78,35.0683784,-88.3987241,0,0,United States,Tennessee,null,4G
AT&T,ZTE,ZTE B2017G,ANDROID71,en,2017-07-30 13:03:13 UTC,-91,28.4612468,-98.5533895,83,0,United States,Texas,null,UNKNOWN
AT&T,LGE,LG-H900,ANDROID60,en,2017-07-14 10:24:42 UTC,null,35.8226394,-90.6648442,2255,5221,United States,Arkansas,Jonesboro,4G
AT&T,LGE,LG-H910,ANDROID70,en,2017-07-16 19:42:56 UTC,null,29.9439285,-82.1084606,3907,938,United States,Florida,null,4G
AT&T,samsung,SAMSUNG-SM-G750A,ANDROID44,es,2017-05-21 21:27:15 UTC,null,34.06207573,-84.60619114,0,0,United States,Georgia,null,4G
AT&T,samsung,SAMSUNG-SGH-I337,ANDROID50,en,2017-07-28 19:15:07 UTC,-76,32.2821313,-83.467034,36875,122501,United States,Georgia,null,4G
AT&T,samsung,SAMSUNG-SM-G925A,ANDROID70,en,2017-05-29 02:12:57 UTC,-73,32.4354748,-81.7586595,32605,44397,United States,Georgia,Statesboro,4G
AT&T,samsung,SAMSUNG-SM-G750A,ANDROID44,es,2017-07-25 23:18:04 UTC,null,30.24528338,-92.02319256,10101,12285,United States,Louisiana,Lafayette,4G
AT&T,samsung,SAMSUNG-SM-G920A,ANDROID70,en,2017-07-22 20:38:44 UTC,null,40.78929,-74.196117,13775,73658,United States,New Jersey,Bloomfield,4G
AT&T,samsung,SAMSUNG-SM-G925A,ANDROID70,en,2017-07-16 19:01:05 UTC,-83,33.6809737,-117.6603185,216,216,United States,California,Lake Forest,4G
AT&T,samsung,SM-G906K,ANDROID50,ko,2017-07-11 13:47:10 UTC,null,41.7639358,-72.6298197,58185,176188,United States,Connecticut,null,3G
AT&T,samsung,SM-G920K,ANDROID70,ko,2017-07-21 16:30:49 UTC,-51,42.7292517,-84.4942159,200598,435170,United States,Michigan,East Lansing,3G
AT&T,blackberry,STV100-1,ANDROID60,en,2017-05-25 02:12:25 UTC,null,29.5130165,-98.3712754,8594,16900,United States,Texas,null,4G
AT&T,motorola,Moto G Play,ANDROID60,en,2017-07-29 22:32:13 UTC,null,30.020712,-90.24495054,0,0,United States,Louisiana,Kenner,4G
AT&T,Sony,E6603,ANDROID71,en,2017-07-28 01:29:58 UTC,null,42.4237865,-71.2578462,0,0,United States,Massachusetts,Lexington,4G
AT&T,LGE,LG-H910,ANDROID70,en,2017-07-10 16:22:22 UTC,-77,34.0371988,-84.0980374,580,652,United States,Georgia,Suwanee,4G
AT&T,OnePlus,ONEPLUS A3000,ANDROID71,en,2017-07-14 18:31:24 UTC,-78,33.8168982,-117.5042344,477460,1021074,United States,California,Corona,4G
AT&T,samsung,SM-G950U1,ANDROID70,en,2017-07-21 16:14:48 UTC,-99,38.6689618,-121.0623428,860,435,United States,California,null,3G
AT&T,LGE,LG-H871,ANDROID70,en,2017-07-15 16:29:21 UTC,-85,31.4668313,-100.4328954,9755,13953,United States,Texas,San Angelo,4G
AT&T,LGE,LG-D800,ANDROID50,en,2017-07-31 16:24:58 UTC,-76,46.8640351,-92.2899608,18185,16378,United States,Minnesota,null,4G
AT&T,LGE,LG-H910,ANDROID70,en,2017-07-29 04:38:28 UTC,-87,27.1583894,-80.2340482,0,0,United States,Florida,null,4G
AT&T,samsung,SAMSUNG-SM-G870A,ANDROID50,en,2017-07-16 18:56:06 UTC,null,28.4266808,-81.3997302,1911,0,United States,Florida,null,4G
AT&T,HTC,HTC One_M8,ANDROID50,en,2017-07-19 09:14:41 UTC,-82,33.7381427,-87.0820729,580,580,United States,Alabama,null,4G
AT&T,samsung,SAMSUNG-SM-G928A,ANDROID70,en,2017-05-27 17:45:00 UTC,-84,27.7937643,-82.645348,0,0,United States,Florida,Saint Petersburg,4G
AT&T,samsung,SAMSUNG-SM-J320A,ANDROID60,en,2017-07-13 19:46:59 UTC,-51,41.6721267,-83.5601552,16566,15875,United States,Ohio,Toledo,3G
AT&T,motorola,XT1097,ANDROID51,en,2017-07-30 23:36:59 UTC,null,42.0664204,-88.2347373,27720,62437,United States,Illinois,Hoffman Estates,4G
AT&T,samsung,SAMSUNG-SM-G730A,ANDROID44,en,2017-07-20 18:50:18 UTC,null,27.9933173,-82.8188798,16298,67617,United States,Florida,Clearwater,4G
AT&T,samsung,SAMSUNG-SM-J120A,ANDROID60,en,2017-07-25 21:29:16 UTC,null,43.0208739,-74.9969392,7769,12685,United States,New York,null,4G
AT&T,motorola,Moto G (4),ANDROID70,en,2017-07-25 16:03:20 UTC,null,39.9574146,-75.1638067,519628,1845248,United States,Pennsylvania,Philadelphia,3G
AT&T,OnePlus,ONEPLUS A3000,ANDROID71,en,2017-07-18 12:56:12 UTC,null,38.177567,-85.1804979,5491,6697,United States,Kentucky,null,4G
AT&T,samsung,SM-G955U1,ANDROID70,en,2017-07-12 16:08:02 UTC,-68,34.050998,-118.2482196,2970,2970,United States,California,Los Angeles,4G
AT&T,samsung,SAMSUNG-SM-G928A,ANDROID70,en,2017-07-30 18:29:04 UTC,null,40.6369763,-73.7174099,0,0,United States,New York,Woodmere,3G
AT&T,samsung,SAMSUNG-SM-T337A,ANDROID44,en,2017-07-28 04:46:13 UTC,null,27.55986936,-99.4876849,16397,2100,United States,Texas,Laredo,3G
AT&T,samsung,SAMSUNG-SGH-I747,ANDROID44,en,2017-05-23 19:53:56 UTC,-61,39.1732484,-89.35585809,0,0,United States,Illinois,null,3G
AT&T,OnePlus,ONEPLUS A3000,ANDROID71,en,2017-07-25 23:10:13 UTC,null,33.91006631,-81.17942213,719,804,United States,South Carolina,null,4G
AT&T,samsung,SAMSUNG-SM-G925A,ANDROID60,en,2017-05-29 22:46:58 UTC,-92,42.5475616,-70.9922476,1348,1510,United States,Massachusetts,Peabody,4G
AT&T,motorola,XT1575,ANDROID60,en,2017-07-28 03:55:10 UTC,-75,42.7310547,-73.9390304,580,580,United States,New York,null,4G
AT&T,samsung,SAMSUNG-SM-G928A,ANDROID70,en,2017-07-31 11:53:30 UTC,null,29.5305015,-98.48385,2400,1500,United States,Texas,San Antonio,4G
AT&T,LGE,LG-H910,ANDROID70,en,2017-07-29 23:46:56 UTC,null,35.1929146,-92.2031482,1562,832,United States,Arkansas,null,3G
AT&T,motorola,XT1058,ANDROID51,en,2017-07-19 15:37:44 UTC,null,38.5823369,-90.6217646,2456,4655,United States,Missouri,Wildwood,4G
AT&T,samsung,SAMSUNG-SM-G925A,ANDROID70,en,2017-07-23 05:39:52 UTC,null,41.8497931,-87.9385377,6449,24615,United States,Illinois,null,4G
AT&T,samsung,SAMSUNG-SGH-I317,ANDROID44,en,2017-07-26 23:14:11 UTC,null,32.62051211,-96.82314083,7499,12486,United States,Texas,DeSoto,4G
AT&T,kyocera,KYOCERA-E6560,ANDROID44,en,2017-07-21 15:17:30 UTC,null,37.04671632,-96.11528218,0,0,United States,Kansas,null,4G
AT&T,samsung,SAMSUNG-SM-G920A,ANDROID70,en,2017-07-21 08:12:22 UTC,null,36.3319475,-121.2319631,4355,6070,United States,California,Greenfield,4G
AT&T,LGE,LG-H820,ANDROID70,en,2017-07-17 19:10:59 UTC,null,43.0736536,-78.933498,580,580,United States,New York,null,3G
AT&T,samsung,SAMSUNG-SM-J320A,ANDROID60,en,2017-05-29 17:18:09 UTC,-80,35.1289658,-89.7618278,0,52,United States,Tennessee,Memphis,4G
AT&T,LGE,LG-H700,ANDROID70,en,2017-07-14 12:13:43 UTC,-70,29.5064423,-95.1195826,0,0,United States,Texas,League City,4G
AT&T,samsung,SAMSUNG-SM-J327A,ANDROID70,en,2017-07-18 00:23:37 UTC,null,30.4101561,-86.6022305,0,0,United States,Florida,Fort Walton Beach,4G
AT&T,Apple,iPhone 6S,IOS103,en,2017-07-20 03:50:50 UTC,null,42.214518,-70.977072,199860,341690,United States,Massachusetts,Braintree,4G
AT&T,samsung,SAMSUNG-SGH-I257,ANDROID44,en,2017-05-27 14:44:17 UTC,null,41.65296347,-88.20765108,118,52,United States,Illinois,Plainfield,3G
AT&T,samsung,SAMSUNG-SM-G870A,ANDROID60,en,2017-07-31 18:07:09 UTC,null,38.6367224,-90.2633338,2732,3139,United States,Missouri,St. Louis,4G
AT&T,samsung,SAMSUNG-SM-G750A,ANDROID44,es,2017-05-24 01:54:04 UTC,null,33.56920405,-84.28074079,1837,660,United States,Georgia,null,4G
AT&T,samsung,SAMSUNG-SGH-I257,ANDROID44,en,2017-05-24 12:10:02 UTC,-68,27.90287417,-82.51950186,7821,3896,United States,Florida,Tampa,4G
AT&T,ZTE,Z981,ANDROID60,en,2017-07-19 12:28:54 UTC,null,32.5107817,-94.8197423,43353,46167,United States,Texas,Longview,UNKNOWN
AT&T,Google,Pixel,ANDROID71,en,2017-07-15 16:36:18 UTC,-60,34.3194231,-84.0670576,181613,232663,United States,Georgia,null,4G
AT&T,LGE,LG-V410,ANDROID44,en,2017-07-02 16:31:20 UTC,-67,34.05702756,-86.11761227,580,580,United States,Alabama,null,4G
AT&T,LGE,LG-V410,ANDROID44,en,2017-06-27 13:06:00 UTC,null,30.71629246,-101.2028994,124,52,United States,Texas,null,3G
AT&T,LGE,LG-V410,ANDROID44,en,2017-05-18 00:36:11 UTC,-79,35.14843355,-101.860184,2252,11231,United States,Texas,Amarillo,4G
AT&T,LGE,LG-V410,ANDROID44,en,2017-07-26 14:53:16 UTC,-101,37.17028201,-104.5092824,843,468,United States,Colorado,null,3G
AT&T,LGE,LG-V410,ANDROID44,en,2017-05-30 20:31:13 UTC,-77,37.35720886,-81.11244411,0,0,United States,West Virginia,null,4G
AT&T,LGE,LG-V410,ANDROID44,en,2017-07-16 22:45:57 UTC,null,33.85793728,-86.83056128,580,580,United States,Alabama,null,4G
AT&T,LGE,LG-V410,ANDROID44,en,2017-07-09 19:29:24 UTC,-72,42.50842296,-89.01511065,3119,7911,United States,Wisconsin,Beloit,4G
AT&T,LGE,Nexus 5X,ANDROID71,en,2017-07-28 14:09:46 UTC,-60,29.6411291,-95.57893101,0,0,United States,Texas,Stafford,4G
AT&T,Huawei,Nexus 6P,ANDROID71,en,2017-07-13 17:06:47 UTC,-72,37.5087803,-121.9645129,1222,5943,United States,California,Fremont,4G
AT&T,Google,Pixel XL,ANDROID71,en,2017-07-05 20:26:21 UTC,null,38.9178541,-77.2201149,0,0,United States,Virginia,Tysons Corner,4G
AT&T,Google,Pixel XL,ANDROID71,en,2017-07-04 20:39:09 UTC,null,40.9746199,-73.7071599,3546,0,United States,New York,Harrison,4G
AT&T,Google,Pixel XL,ANDROID71,en,2017-05-30 14:18:19 UTC,-62,39.6089385,-76.0138334,0,0,United States,Maryland,null,4G
AT&T,samsung,SGH-M919,ANDROID44,en,2017-05-26 19:06:25 UTC,null,39.9485252,-75.7712154,6482,20172,United States,Pennsylvania,null,4G
AT&T,samsung,SGH-M919,ANDROID44,es,2017-07-09 18:28:43 UTC,-79,34.05578135,-77.90319351,424892,568013,United States,North Carolina,null,4G
AT&T,samsung,SM-G386T,ANDROID44,en,2017-05-29 15:51:03 UTC,null,30.61562142,-98.41292914,2302,52,United States,Texas,null,4G
AT&T,samsung,SM-G900T,ANDROID44,en,2017-07-17 20:28:57 UTC,null,40.91561466,-85.57361487,933653,5072445,United States,Indiana,null,3G
AT&T,samsung,SM-G900T,ANDROID44,en,2017-07-13 15:55:31 UTC,-113,32.27321277,-97.17946309,11920,116002,United States,Texas,null,3G
AT&T,samsung,SM-G900V,ANDROID44,en,2017-05-12 21:00:50 UTC,-91,45.48730011,-122.7865677,0,0,United States,Oregon,Beaverton,3G
AT&T,samsung,SM-G900V,ANDROID44,en,2017-05-28 17:48:39 UTC,null,41.65321598,-93.77501418,30106,325419,United States,Iowa,null,3G
AT&T,samsung,SM-G900V,ANDROID60,en,2017-07-23 12:38:22 UTC,null,29.6169116,-82.3883771,135,135,United States,Florida,null,3G
AT&T,samsung,SM-G900V,ANDROID44,en,2017-05-30 14:14:01 UTC,null,39.14264524,-84.58088883,264,338,United States,Ohio,Cincinnati,3G
AT&T,samsung,SM-G900V,ANDROID60,en,2017-07-25 13:00:00 UTC,-101,29.6170929,-82.3883983,0,0,United States,Florida,null,3G
AT&T,samsung,SM-G930T,ANDROID70,en,2017-07-08 16:09:49 UTC,null,26.8131147,-80.1395437,128,208,United States,Florida,Palm Beach Gardens,4G
AT&T,samsung,SM-G935T,ANDROID70,en,2017-07-29 00:23:22 UTC,-75,33.8968336,-84.2218548,25017,162130,United States,Georgia,null,4G
AT&T,samsung,SM-G950U,ANDROID70,en,2017-05-14 22:12:12 UTC,null,29.733318,-95.6329391,26546,82197,United States,Texas,Houston,4G
AT&T,samsung,SM-G950U,ANDROID70,en,2017-06-20 13:19:00 UTC,null,35.1459514,-79.0367841,12976,15020,United States,North Carolina,Fort Bragg,4G
AT&T,samsung,SM-G950U,ANDROID70,en,2017-07-19 14:22:21 UTC,null,33.6129202,-112.4195539,135979,2625617,United States,Arizona,Surprise,4G
AT&T,samsung,SM-G950U,ANDROID70,en,2017-07-31 07:56:25 UTC,null,32.9068014,-97.0675551,12566,15790,United States,Texas,Grapevine,4G
AT&T,samsung,SM-G950U,ANDROID70,en,2017-07-29 17:49:30 UTC,-64,38.2923918,-77.5176914,1277208,11273391,United States,Virginia,null,4G
AT&T,samsung,SM-G950U,ANDROID70,en,2017-07-22 22:45:53 UTC,-99,40.6707496,-74.5032975,0,0,United States,New Jersey,null,3G
AT&T,samsung,SM-G950U,ANDROID70,en,2017-07-26 14:03:14 UTC,-72,28.6253211,-81.3459085,580,580,United States,Florida,null,4G
AT&T,samsung,SM-G955U,ANDROID70,en,2017-06-11 15:34:57 UTC,-55,37.7949888,-122.4234423,0,0,United States,California,San Francisco,4G
AT&T,samsung,SM-G955U,ANDROID70,es,2017-06-08 04:49:02 UTC,-81,18.3970684,-66.0734213,661,731,United States,Puerto Rico,San Juan,4G
AT&T,samsung,SM-G955U,ANDROID70,en,2017-07-12 11:08:09 UTC,null,32.780318,-97.5549931,2487,3322,United States,Texas,null,4G
AT&T,samsung,SM-G955U,ANDROID70,en,2017-07-09 17:57:27 UTC,null,33.9719548,-118.3971524,72,0,United States,California,Los Angeles,4G
AT&T,samsung,SM-G955U,ANDROID70,en,2017-07-23 01:30:45 UTC,null,33.5258717,-117.1649626,36790,633392,United States,California,Temecula,3G
AT&T,samsung,SM-G955U,ANDROID70,en,2017-07-22 20:29:37 UTC,-80,40.4184639,-86.9062235,580,580,United States,Indiana,West Lafayette,4G
AT&T,samsung,SM-G955U,ANDROID70,en,2017-07-14 16:41:34 UTC,null,61.185192,-149.8740215,6160,21554,United States,Alaska,Anchorage,3G
AT&T,samsung,SM-G955U,ANDROID70,en,2017-07-24 11:09:07 UTC,null,47.4049765,-122.2915531,0,0,United States,Washington,SeaTac,4G
AT&T,samsung,SM-G955U,ANDROID70,en,2017-06-02 12:04:21 UTC,null,36.9917634,-76.3982616,10144,28882,United States,Virginia,Newport News,4G
AT&T,samsung,SM-G955U,ANDROID70,en,2017-07-21 20:17:48 UTC,null,43.2143641,-76.3584827,4690,13507,United States,New York,null,4G
AT&T,samsung,SM-G955U,ANDROID70,en,2017-07-26 21:11:19 UTC,-76,34.1655322,-97.1357694,0,0,United States,Oklahoma,Ardmore,4G
AT&T,samsung,SM-G955U,ANDROID70,en,2017-07-12 15:07:57 UTC,-103,34.7813244,-86.5332815,57908,133045,United States,Alabama,Huntsville,3G
AT&T,samsung,SM-G955U,ANDROID70,en,2017-07-09 17:09:15 UTC,-76,31.0868705,-90.4890565,1475,2471,United States,Mississippi,null,4G
AT&T,samsung,SM-G955U,ANDROID70,en,2017-07-13 12:21:43 UTC,-81,42.3156312,-71.2240818,1734,2016,United States,Massachusetts,Newton,4G
AT&T,samsung,SM-G955U,ANDROID70,en,2017-07-30 15:39:13 UTC,-67,30.4337941,-90.1014138,651,667,United States,Louisiana,null,4G
AT&T,samsung,SM-G955U,ANDROID70,en,2017-07-16 21:43:19 UTC,-99,41.3922618,-81.6736624,2793,35322,United States,Ohio,null,3G
AT&T,samsung,SM-G955U,ANDROID70,en,2017-07-24 19:22:54 UTC,null,35.4120514,-97.4908651,2176,2122,United States,Oklahoma,Oklahoma City,4G
AT&T,samsung,SM-G955U,ANDROID70,en,2017-07-20 01:35:08 UTC,-59,46.1111061,-93.632099,722,863,United States,Minnesota,null,4G
AT&T,samsung,SM-G955U,ANDROID70,en,2017-07-24 13:38:42 UTC,null,47.5875077,-122.3567397,0,0,United States,Washington,Seattle,4G
AT&T,samsung,SM-G955U,ANDROID70,en,2017-07-17 23:44:26 UTC,null,32.9364776,-96.440164,1716,2291,United States,Texas,Rockwall,4G
AT&T,samsung,SM-G955U,ANDROID70,en,2017-07-21 23:51:30 UTC,-61,41.4180874,-82.7553766,456509,791638,United States,Ohio,null,4G
AT&T,samsung,SM-G955U,ANDROID70,en,2017-07-09 22:10:31 UTC,-70,34.8802309,-92.1079591,130,250,United States,Arkansas,Jacksonville,4G
AT&T,samsung,SM-G955U,ANDROID70,en,2017-07-31 10:14:10 UTC,null,42.6182933,-88.6916292,3654,5594,United States,Wisconsin,null,4G
AT&T,samsung,SM-G955U,ANDROID70,en,2017-07-30 04:17:45 UTC,null,41.1480863,-104.7860633,14256,12000,United States,Wyoming,Cheyenne,4G
AT&T,samsung,SM-G955U,ANDROID70,en,2017-07-29 00:54:04 UTC,-92,47.6664322,-117.1517043,0,0,United States,Washington,Spokane Valley,4G
AT&T,samsung,SM-G955U,ANDROID70,en,2017-07-28 16:18:27 UTC,-72,40.2795432,-86.4911357,6182,3580,United States,Indiana,Frankfort,4G
AT&T,samsung,SM-G955U,ANDROID70,en,2017-07-13 08:58:02 UTC,-88,40.0640366,-74.0982675,104,0,United States,New Jersey,null,4G
AT&T,samsung,SM-N900T,ANDROID44,en,2017-05-09 19:30:28 UTC,null,36.8869296,-104.4510867,160,0,United States,New Mexico,null,4G
AT&T,samsung,SM-N900T,ANDROID44,en,2017-05-13 19:44:18 UTC,null,41.6545451,-80.1733249,6494,22109,United States,Pennsylvania,null,UNKNOWN
AT&T,samsung,SM-N900T,ANDROID44,en,2017-06-15 00:33:18 UTC,-101,19.6854323,-156.0199263,0,0,United States,Hawaii,null,3G
AT&T,samsung,SM-N900T,ANDROID44,en,2017-05-16 17:17:57 UTC,null,36.88671845,-104.4514688,1375,894,United States,New Mexico,null,4G
AT&T,samsung,SM-N900T,ANDROID44,en,2017-05-31 14:33:34 UTC,null,41.7241009,-80.1471759,0,0,United States,Pennsylvania,null,3G
AT&T,samsung,SM-N900V,ANDROID44,es,2017-05-28 18:33:01 UTC,-91,32.2152001,-107.7649041,0,0,United States,New Mexico,null,3G
AT&T,samsung,SM-N910T,ANDROID44,en,2017-06-18 22:07:03 UTC,-89,35.52640875,-93.52490956,1165,744,United States,Arkansas,null,3G
AT&T,samsung,SM-N910T,ANDROID44,en,2017-06-19 19:45:35 UTC,-101,36.16644951,-86.80680437,0,0,United States,Tennessee,null,3G
AT&T,samsung,SM-N920P,ANDROID60,en,2017-07-16 16:06:30 UTC,null,39.9148943,-75.0867911,3092,1515,United States,New Jersey,null,3G
AT&T,samsung,SAMSUNG-SM-G891A,ANDROID70,en,2017-07-23 03:39:36 UTC,-83,35.3590925,-89.8924603,139148,671408,United States,Tennessee,null,4G
AT&T,samsung,SAMSUNG-SM-G891A,ANDROID70,en,2017-05-17 04:02:56 UTC,-73,28.0785279,-81.9778964,9150,143640,United States,Florida,Lakeland,4G
AT&T,samsung,SAMSUNG-SM-G891A,ANDROID70,en,2017-06-10 15:19:31 UTC,null,42.3893723,-88.1794321,168,216,United States,Illinois,null,4G
AT&T,samsung,SAMSUNG-SM-G891A,ANDROID70,en,2017-07-22 04:01:20 UTC,-84,33.9145772,-84.8530465,28474,50967,United States,Georgia,null,4G
AT&T,samsung,SAMSUNG-SM-G891A,ANDROID70,en,2017-07-17 17:00:18 UTC,-82,40.51029728,-104.9913964,580,580,United States,Colorado,null,4G
AT&T,samsung,SAMSUNG-SM-G891A,ANDROID70,en,2017-05-30 16:24:02 UTC,-58,28.3374003,-81.5172968,0,0,United States,Florida,null,4G
AT&T,samsung,SAMSUNG-SM-G891A,ANDROID70,en,2017-07-12 19:52:02 UTC,null,35.605675,-97.5972884,23631,37431,United States,Oklahoma,Oklahoma City,4G
AT&T,samsung,SAMSUNG-SM-G891A,ANDROID70,en,2017-07-31 16:51:29 UTC,-84,37.4059106,-94.7059302,0,0,United States,Kansas,Pittsburg,4G
AT&T,samsung,SAMSUNG-SM-G891A,ANDROID70,en,2017-07-27 12:22:11 UTC,-77,42.0484768,-88.0622395,0,0,United States,Illinois,Schaumburg,4G
AT&T,samsung,SAMSUNG-SM-G891A,ANDROID70,en,2017-07-18 16:04:48 UTC,null,32.8945923,-97.0598251,0,0,United States,Texas,Grapevine,4G
AT&T,samsung,SAMSUNG-SM-G900A,ANDROID44,en,2017-05-09 23:42:00 UTC,null,35.42272675,-96.29275487,201681,8888834,United States,Oklahoma,null,4G
AT&T,samsung,SAMSUNG-SM-G900A,ANDROID44,en,2017-05-10 01:24:01 UTC,-63,41.24556216,-86.05051872,364,0,United States,Indiana,null,3G
AT&T,samsung,SAMSUNG-SM-G900A,ANDROID60,en,2017-07-29 04:47:24 UTC,null,36.0206711,-115.119491,14155,21317,United States,Nevada,Paradise,4G
AT&T,samsung,SAMSUNG-SM-G900A,ANDROID60,en,2017-05-05 16:30:17 UTC,null,33.8083919,-82.2748468,628,557,United States,South Carolina,null,3G
AT&T,samsung,SAMSUNG-SM-G900A,ANDROID44,en,2017-05-08 12:45:16 UTC,null,29.70412169,-95.42815579,5963,16316,United States,Texas,Houston,4G
AT&T,samsung,SAMSUNG-SM-G900A,ANDROID44,en,2017-06-28 00:29:14 UTC,-99,34.18458808,-92.02461402,10689,36738,United States,Arkansas,Pine Bluff,3G
AT&T,samsung,SAMSUNG-SM-G900A,ANDROID60,en,2017-06-10 16:44:35 UTC,-49,18.3954751,-66.10312,661,76,United States,Puerto Rico,San Juan,4G
AT&T,samsung,SAMSUNG-SM-G900A,ANDROID44,en,2017-07-03 19:33:53 UTC,null,42.57624677,-114.2197404,256,260,United States,Idaho,null,4G
AT&T,samsung,SAMSUNG-SM-G900A,ANDROID60,en,2017-07-17 14:47:02 UTC,-70,36.1154209,-97.8985808,0,0,United States,Oklahoma,null,4G
AT&T,samsung,SAMSUNG-SM-G900A,ANDROID44,en,2017-06-21 18:47:57 UTC,-52,35.18097243,-84.91192764,3193,5748,United States,Tennessee,null,4G
AT&T,samsung,SAMSUNG-SM-G900A,ANDROID44,en,2017-06-03 12:13:18 UTC,-75,37.14572088,-86.65377627,10520,416156,United States,Kentucky,null,4G
AT&T,samsung,SAMSUNG-SM-G900A,ANDROID44,en,2017-06-10 22:55:47 UTC,null,33.33591588,-80.53702897,2602,1287,United States,South Carolina,null,4G
AT&T,samsung,SAMSUNG-SM-G900A,ANDROID60,en,2017-07-12 04:25:48 UTC,null,48.9435172,-122.6772725,46808,25278,United States,Washington,null,4G
AT&T,samsung,SAMSUNG-SM-G900A,ANDROID60,en,2017-07-28 15:05:48 UTC,-120,42.0595786,-87.7148714,0,0,United States,Illinois,Evanston,4G
AT&T,samsung,SAMSUNG-SM-G900A,ANDROID60,en,2017-07-08 08:01:55 UTC,-80,39.8482287,-94.8449847,580,580,United States,Missouri,null,4G
AT&T,samsung,SAMSUNG-SM-G900A,ANDROID60,en,2017-07-25 19:45:11 UTC,null,45.6972015,-122.6542814,5017,2014,United States,Washington,Salmon Creek,3G
AT&T,samsung,SAMSUNG-SM-G900A,ANDROID60,en,2017-07-26 22:56:43 UTC,-72,34.0525416,-118.2798985,76,0,United States,California,Los Angeles,4G
AT&T,samsung,SAMSUNG-SM-G900A,ANDROID60,en,2017-07-25 18:43:24 UTC,-58,29.5151415,-98.6953149,0,0,United States,Texas,San Antonio,4G
AT&T,samsung,SAMSUNG-SM-G900A,ANDROID60,en,2017-07-25 00:58:34 UTC,null,41.665024,-87.6176743,187833,616124,United States,Illinois,Chicago,4G
AT&T,samsung,SAMSUNG-SM-G900A,ANDROID44,en,2017-05-20 01:30:54 UTC,-76,31.84027496,-81.59550948,0,0,United States,Georgia,Hinesville,4G
AT&T,samsung,SAMSUNG-SM-G900A,ANDROID44,en,2017-05-26 02:35:34 UTC,-85,33.54148911,-85.68613778,125990,2295948,United States,Alabama,null,4G
AT&T,samsung,SAMSUNG-SM-G900A,ANDROID60,en,2017-07-14 14:25:24 UTC,null,40.5558379,-74.4784433,1628,10746,United States,New Jersey,null,4G
AT&T,samsung,SAMSUNG-SM-G930A,ANDROID70,en,2017-07-14 20:27:23 UTC,-62,35.2121471,-106.6980456,8442,176453,United States,New Mexico,Albuquerque,4G
AT&T,samsung,SAMSUNG-SM-G930A,ANDROID70,en,2017-07-08 07:04:01 UTC,-85,35.9908224,-83.9153658,200544,33898,United States,Tennessee,Knoxville,4G
AT&T,samsung,SAMSUNG-SM-G930A,ANDROID70,en,2017-07-28 14:19:30 UTC,null,32.919527,-97.017084,25488,10512,United States,Texas,Irving,4G
AT&T,samsung,SAMSUNG-SM-G930A,ANDROID70,en,2017-05-17 20:19:40 UTC,null,32.7718609,-96.4145577,77856,130569,United States,Texas,null,4G
AT&T,samsung,SAMSUNG-SM-G930A,ANDROID70,en,2017-05-27 19:10:59 UTC,-55,40.9407815,-74.0713589,0,0,United States,New Jersey,Paramus,4G
AT&T,samsung,SAMSUNG-SM-G930A,ANDROID70,en,2017-06-11 20:44:37 UTC,-73,43.034098,-89.4451952,0,0,United States,Wisconsin,Madison,4G
AT&T,samsung,SAMSUNG-SM-G930A,ANDROID70,en,2017-07-17 00:36:46 UTC,null,39.7496595,-121.7937987,9033,17849,United States,California,Chico,4G
AT&T,samsung,SAMSUNG-SM-G930A,ANDROID70,en,2017-07-24 17:11:03 UTC,-76,30.4458433,-90.1561047,1618559,48910147,United States,Louisiana,null,4G
AT&T,samsung,SAMSUNG-SM-G930A,ANDROID70,en,2017-07-27 22:47:28 UTC,-79,40.3187525,-79.5306614,233028,2848933,United States,Pennsylvania,null,4G
AT&T,samsung,SAMSUNG-SM-G930A,ANDROID70,en,2017-07-21 14:03:07 UTC,-87,39.20419429,-119.7828903,580,580,United States,Nevada,Carson City,4G
AT&T,samsung,SAMSUNG-SM-G930A,ANDROID70,en,2017-07-07 16:19:40 UTC,-89,32.7990273,-85.6886295,1573,2050,United States,Alabama,null,4G
AT&T,samsung,SAMSUNG-SM-G930A,ANDROID70,en,2017-07-27 14:58:05 UTC,-79,39.2706325,-76.6371197,9804,18048,United States,Maryland,Baltimore,4G
AT&T,samsung,SAMSUNG-SM-G930A,ANDROID70,en,2017-07-24 14:27:29 UTC,null,30.0394238,-89.9695212,13373,57490,United States,Louisiana,New Orleans,4G
AT&T,samsung,SAMSUNG-SM-G930A,ANDROID70,en,2017-07-23 16:08:02 UTC,-73,38.7850875,-90.5274705,57085,5068375,United States,Missouri,Saint Charles,4G
AT&T,samsung,SAMSUNG-SM-G930A,ANDROID70,en,2017-07-20 02:46:36 UTC,null,41.7310524,-84.9822415,0,0,United States,Indiana,null,4G
AT&T,samsung,SAMSUNG-SM-G930A,ANDROID70,en,2017-07-22 05:59:59 UTC,null,32.9412173,-85.9778281,0,0,United States,Alabama,Alexander City,4G
AT&T,samsung,SAMSUNG-SM-G930A,ANDROID60,en,2017-06-11 05:15:14 UTC,-87,37.98025555,-121.4724738,580,580,United States,California,null,4G
AT&T,samsung,SAMSUNG-SM-G930A,ANDROID70,en,2017-07-27 15:32:31 UTC,null,35.12478448,-92.50873233,3229,12708,United States,Arkansas,null,4G
AT&T,samsung,SAMSUNG-SM-G930A,ANDROID70,en,2017-07-24 20:53:31 UTC,null,34.6247945,-92.9177515,21762,426612,United States,Arkansas,null,3G
AT&T,samsung,SAMSUNG-SM-G930A,ANDROID70,en,2017-07-24 21:35:35 UTC,null,27.4776959,-82.6363268,48485,82119,United States,Florida,null,4G
AT&T,samsung,SAMSUNG-SM-G930A,ANDROID70,en,2017-05-29 01:26:29 UTC,null,33.6688656,-112.15793,2797,11962,United States,Arizona,Phoenix,4G
AT&T,samsung,SAMSUNG-SM-G930A,ANDROID70,en,2017-07-15 19:06:03 UTC,-103,42.5526664,-71.5722098,358,0,United States,Massachusetts,null,3G
AT&T,samsung,SAMSUNG-SM-G935A,ANDROID70,en,2017-07-30 18:03:46 UTC,-70,38.5253041,-90.3949154,0,0,United States,Missouri,null,4G
AT&T,samsung,SAMSUNG-SM-G935A,ANDROID70,en,2017-07-29 01:02:44 UTC,-76,35.6768989,-97.353069,0,0,United States,Oklahoma,Edmond,4G
AT&T,samsung,SAMSUNG-SM-G935A,ANDROID70,en,2017-07-20 22:35:17 UTC,-62,28.9571158,-98.4878762,62469,75344,United States,Texas,null,4G
AT&T,samsung,SAMSUNG-SM-G935A,ANDROID70,en,2017-07-21 20:31:28 UTC,-43,37.7956909,-122.2674893,0,0,United States,California,Oakland,4G
AT&T,samsung,SAMSUNG-SM-G935A,ANDROID70,en,2017-07-18 00:53:02 UTC,null,35.0503471,-106.6219911,0,0,United States,New Mexico,Albuquerque,4G
AT&T,samsung,SAMSUNG-SM-G935A,ANDROID70,en,2017-07-21 18:52:24 UTC,null,32.9044217,-97.0426188,18706,39616,United States,Texas,Grapevine,4G
AT&T,samsung,SAMSUNG-SM-G935A,ANDROID70,en,2017-07-31 00:20:23 UTC,null,27.8961957,-82.64278,36731,79298,United States,Florida,Saint Petersburg,4G
AT&T,samsung,SAMSUNG-SM-G935A,ANDROID70,en,2017-07-13 15:24:57 UTC,-71,40.8375631,-74.0620605,2337,2013,United States,New Jersey,null,4G
AT&T,samsung,SAMSUNG-SM-G935A,ANDROID70,en,2017-07-29 22:50:13 UTC,-72,34.1242799,-117.6418341,1991,1120,United States,California,Upland,4G
AT&T,samsung,SAMSUNG-SM-G935A,ANDROID70,en,2017-07-12 22:32:55 UTC,null,37.229367,-80.4145583,17045,30711,United States,Virginia,Blacksburg,4G
AT&T,samsung,SAMSUNG-SM-G935A,ANDROID70,en,2017-07-02 20:17:49 UTC,-89,37.7100089,-87.8112169,5955,1211,United States,Kentucky,null,4G
AT&T,samsung,SAMSUNG-SM-G935A,ANDROID70,en,2017-06-24 21:47:30 UTC,-36,26.6162014,-81.7995577,10982,9737,United States,Florida,Fort Myers,4G
AT&T,samsung,SAMSUNG-SM-G935A,ANDROID70,en,2017-07-14 17:33:22 UTC,null,42.5664399,-71.1921137,884787,961625,United States,Massachusetts,Tewksbury,4G
AT&T,samsung,SAMSUNG-SM-G935A,ANDROID70,en,2017-07-31 19:18:02 UTC,null,39.3706476,-78.0416827,11120,6932,United States,West Virginia,null,4G
AT&T,samsung,SAMSUNG-SM-G935A,ANDROID70,en,2017-07-23 16:34:43 UTC,-70,28.5629435,-81.1906371,0,0,United States,Florida,null,4G
AT&T,samsung,SAMSUNG-SM-G935A,ANDROID60,en,2017-07-30 14:25:29 UTC,null,39.1854158,-77.6763394,0,0,United States,Virginia,null,4G
AT&T,samsung,SAMSUNG-SM-G935A,ANDROID70,en,2017-07-20 17:43:23 UTC,-68,37.8241916,-122.0029353,608,2004,United States,California,Danville,4G
AT&T,samsung,SAMSUNG-SM-G935A,ANDROID60,en,2017-07-29 05:25:08 UTC,null,30.4411205,-84.2689175,1893,5510,United States,Florida,Tallahassee,4G
AT&T,samsung,SAMSUNG-SM-G935A,ANDROID70,en,2017-07-15 16:11:26 UTC,null,32.3923804,-93.7520554,1324,4894,United States,Louisiana,null,4G
AT&T,samsung,SAMSUNG-SM-G935A,ANDROID70,en,2017-07-16 12:11:44 UTC,-76,32.1073792,-93.9419645,580,580,United States,Louisiana,null,4G
AT&T,samsung,SAMSUNG-SM-G935A,ANDROID70,en,2017-07-28 01:08:18 UTC,-72,32.9058012,-96.458502,116337,1948008,United States,Texas,Rockwall,4G
AT&T,samsung,SAMSUNG-SM-G935A,ANDROID60,en,2017-05-25 02:03:49 UTC,-81,42.9629557,-85.6398339,0,0,United States,Michigan,Grand Rapids,4G
AT&T,samsung,SAMSUNG-SM-G935A,ANDROID70,en,2017-07-29 11:17:30 UTC,-76,29.5982902,-98.4158522,18340,87526,United States,Texas,San Antonio,4G
AT&T,samsung,SAMSUNG-SM-G935A,ANDROID70,en,2017-07-15 00:48:54 UTC,null,39.1225779,-74.7768723,35417,93590,United States,New Jersey,null,3G
AT&T,samsung,SAMSUNG-SM-G935A,ANDROID70,en,2017-07-20 17:32:18 UTC,null,33.0322772,-96.7057556,25805,18771,United States,Texas,null,3G
AT&T,samsung,SAMSUNG-SM-G935A,ANDROID70,en,2017-07-29 17:19:16 UTC,null,39.9965915,-82.9919267,580,580,United States,Ohio,Columbus,4G
AT&T,samsung,SAMSUNG-SM-G935A,ANDROID70,en,2017-07-17 11:20:08 UTC,-86,30.0996178,-81.7500095,2738,15945,United States,Florida,null,4G
AT&T,samsung,SAMSUNG-SM-G935A,ANDROID70,en,2017-07-12 02:49:42 UTC,null,33.6552727,-111.9339466,33805,477034,United States,Arizona,Phoenix,4G
AT&T,samsung,SAMSUNG-SM-G935A,ANDROID70,en,2017-07-31 23:13:01 UTC,-77,41.7748692,-88.0923659,6190,16373,United States,Illinois,null,4G
AT&T,samsung,SAMSUNG-SM-G935A,ANDROID70,en,2017-05-27 19:31:53 UTC,-74,39.6254016,-75.9502335,150,365,United States,Maryland,null,4G
AT&T,samsung,SAMSUNG-SM-G935A,ANDROID70,en,2017-07-28 01:48:42 UTC,null,33.81741044,-118.2872408,0,0,United States,California,Carson,4G
AT&T,samsung,SAMSUNG-SM-G935A,ANDROID70,en,2017-06-01 00:28:46 UTC,-59,29.72763565,-95.55826367,2442,4862,United States,Texas,Houston,4G
AT&T,samsung,SAMSUNG-SM-G935A,ANDROID70,en,2017-05-30 19:42:39 UTC,null,47.6142166,-122.3148421,9179,23924,United States,Washington,Seattle,3G
AT&T,samsung,SAMSUNG-SM-N900A,ANDROID44,en,2017-05-11 15:51:49 UTC,-81,43.190106,-77.5828299,1056,1056,United States,New York,null,4G
AT&T,samsung,SAMSUNG-SM-N900A,ANDROID44,en,2017-05-02 21:20:45 UTC,-97,35.33582472,-81.32158358,0,0,United States,North Carolina,null,3G
AT&T,samsung,SAMSUNG-SM-N900A,ANDROID50,ko,2017-07-16 20:05:28 UTC,-62,47.6292475,-117.6039402,50586,124089,United States,Washington,null,4G
AT&T,samsung,SAMSUNG-SM-N900A,ANDROID50,ko,2017-06-10 02:44:43 UTC,-51,36.1270125,-115.2244969,18903,17616,United States,Nevada,Spring Valley,4G
AT&T,samsung,SAMSUNG-SM-N900A,ANDROID50,en,2017-07-21 22:10:31 UTC,null,37.6907166,-121.0626488,42145,70465,United States,California,Modesto,4G
AT&T,samsung,SAMSUNG-SM-N900A,ANDROID44,en,2017-07-28 03:00:18 UTC,null,35.0340108,-90.0857374,68505,153849,United States,Tennessee,Memphis,4G
AT&T,samsung,SAMSUNG-SM-N900A,ANDROID44,en,2017-05-29 19:09:57 UTC,-83,27.44968485,-82.52736268,3318,6756,United States,Florida,null,3G
AT&T,samsung,SAMSUNG-SM-N900A,ANDROID44,en,2017-07-13 22:01:49 UTC,null,38.89645224,-77.09800093,15186,34609,United States,Virginia,Arlington,4G
AT&T,samsung,SAMSUNG-SM-N900A,ANDROID44,en,2017-07-11 14:33:13 UTC,null,30.64758,-93.8930073,433633,1178930,United States,Texas,null,3G
AT&T,samsung,SAMSUNG-SM-N900A,ANDROID44,en,2017-05-30 07:21:31 UTC,-105,37.67462516,-122.4759213,82504,174827,United States,California,Daly City,3G
AT&T,samsung,SAMSUNG-SM-N910A,ANDROID60,en,2017-07-18 18:25:02 UTC,null,37.0763843,-121.592303,118228,782824,United States,California,null,3G
AT&T,samsung,SAMSUNG-SM-N910A,ANDROID60,en,2017-07-20 06:05:17 UTC,-79,40.6714451,-111.9517608,580,580,United States,Utah,Taylorsville,4G
AT&T,samsung,SAMSUNG-SM-N910A,ANDROID60,en,2017-06-03 00:12:58 UTC,-69,28.2401956,-81.4936277,454959,2278095,United States,Florida,null,4G
AT&T,samsung,SAMSUNG-SM-N910A,ANDROID60,en,2017-07-23 19:26:01 UTC,null,45.010585,-123.0006245,142,142,United States,Oregon,Keizer,3G
AT&T,samsung,SAMSUNG-SM-N910A,ANDROID60,en,2017-07-12 16:01:12 UTC,null,34.0567137,-118.4489842,20451,359197,United States,California,null,4G
AT&T,samsung,SAMSUNG-SM-N910A,ANDROID60,es,2017-07-10 11:40:16 UTC,null,18.4451685,-66.1511817,61029,19028,United States,Puerto Rico,CataÃ±o,3G
AT&T,samsung,SAMSUNG-SM-N910A,ANDROID60,en,2017-07-21 04:00:19 UTC,null,42.4029826,-71.0535238,371,1899,United States,Massachusetts,Everett,4G
AT&T,samsung,SAMSUNG-SM-N910A,ANDROID60,en,2017-05-26 16:02:06 UTC,-73,30.4851538,-90.0928471,0,0,United States,Louisiana,null,3G
AT&T,samsung,SAMSUNG-SM-N910A,ANDROID60,en,2017-07-21 11:32:36 UTC,null,38.5076825,-82.6805964,2279,1166,United States,Kentucky,null,4G
AT&T,samsung,SAMSUNG-SM-N910A,ANDROID60,en,2017-07-29 20:40:39 UTC,null,26.339211,-80.1714662,1535,5493,United States,Florida,null,4G
AT&T,samsung,SAMSUNG-SM-N910A,ANDROID60,en,2017-07-22 21:13:18 UTC,null,32.7235315,-117.0636977,3928,5379,United States,California,San Diego,4G
AT&T,samsung,SAMSUNG-SM-N910A,ANDROID60,en,2017-07-24 19:05:12 UTC,null,34.8645306,-118.176528,336,436,United States,California,null,4G
AT&T,samsung,SAMSUNG-SM-N910A,ANDROID60,en,2017-05-25 04:00:59 UTC,-57,37.7840053,-122.4044283,28880,8793,United States,California,San Francisco,4G
AT&T,samsung,SAMSUNG-SM-N910A,ANDROID60,en,2017-07-23 18:40:08 UTC,-95,37.8403378,-80.4662047,1519,1797,United States,West Virginia,null,3G
AT&T,samsung,SAMSUNG-SM-N910A,ANDROID60,en,2017-05-28 14:25:06 UTC,null,28.2661536,-80.6898615,24313,54635,United States,Florida,null,4G
AT&T,samsung,SAMSUNG-SM-N910A,ANDROID60,en,2017-05-26 03:58:01 UTC,null,37.6464507,-122.4066591,0,0,United States,California,South San Francisco,4G
AT&T,samsung,SAMSUNG-SM-N920A,ANDROID60,en,2017-07-07 14:33:57 UTC,-66,41.6167157,-86.7155035,0,0,United States,Indiana,La Porte,4G
AT&T,samsung,SAMSUNG-SM-N920A,ANDROID70,en,2017-06-28 18:41:18 UTC,-82,37.3200372,-121.9138985,0,0,United States,California,San JosÃ©,4G
AT&T,samsung,SAMSUNG-SM-N920A,ANDROID70,en,2017-07-27 23:55:39 UTC,null,28.9551318,-81.3068341,25367,115605,United States,Florida,null,4G
AT&T,samsung,SAMSUNG-SM-N920A,ANDROID70,en,2017-07-24 19:03:16 UTC,-68,41.5070738,-81.6851675,580,580,United States,Ohio,Cleveland,4G
AT&T,samsung,SAMSUNG-SM-N920A,ANDROID70,en,2017-07-31 14:29:33 UTC,null,33.1261933,-95.7468812,3048,3010,United States,Texas,null,4G
AT&T,samsung,SAMSUNG-SM-N920A,ANDROID70,en,2017-07-27 23:54:36 UTC,-73,33.5202618,-112.011308,580,580,United States,Arizona,null,4G
AT&T,samsung,SAMSUNG-SM-N920A,ANDROID70,en,2017-07-13 15:22:28 UTC,null,40.7853167,-73.7294321,280780,6115255,United States,New York,null,4G
AT&T,samsung,SAMSUNG-SM-N920A,ANDROID70,en,2017-06-14 13:49:15 UTC,-75,40.8504341,-74.0120752,135514,49414,United States,New Jersey,null,4G
AT&T,samsung,SAMSUNG-SM-N920A,ANDROID70,en,2017-07-13 21:31:10 UTC,null,36.285543,-95.3099735,0,0,United States,Oklahoma,null,4G
AT&T,samsung,SAMSUNG-SM-N920A,ANDROID70,en,2017-07-17 11:01:44 UTC,null,38.7800823,-77.6752281,68298,144155,United States,Virginia,null,3G
AT&T,samsung,SAMSUNG-SM-N920A,ANDROID70,en,2017-07-22 06:09:47 UTC,null,35.7734847,-86.8641893,52,135,United States,Tennessee,Spring Hill,4G
AT&T,samsung,SAMSUNG-SM-N920A,ANDROID70,en,2017-07-28 14:24:03 UTC,null,40.862971,-78.26014,115793,395574,United States,Pennsylvania,null,4G
AT&T,samsung,SAMSUNG-SM-N920A,ANDROID60,en,2017-07-31 14:40:45 UTC,-77,42.0089256,-83.332732,1154796,2231492,United States,Michigan,null,4G
AT&T,samsung,SAMSUNG-SM-N920A,ANDROID70,en,2017-07-24 16:06:45 UTC,null,29.0679876,-95.4508458,2405,6140,United States,Texas,Lake Jackson,4G
AT&T,samsung,SAMSUNG-SM-N920A,ANDROID70,en,2017-07-30 04:06:15 UTC,null,33.9883171,-118.3957374,0,0,United States,California,Culver City,4G
AT&T,samsung,SAMSUNG-SM-N920A,ANDROID70,en,2017-07-20 17:23:27 UTC,-84,33.6278847,-117.7203568,109818,7794,United States,California,Laguna Hills,4G
AT&T,samsung,SAMSUNG-SM-N920A,ANDROID70,en,2017-07-27 15:39:18 UTC,-86,32.9770877,-80.0660541,0,0,United States,South Carolina,North Charleston,4G
AT&T,samsung,SAMSUNG-SM-N920A,ANDROID70,en,2017-07-13 02:37:07 UTC,null,36.1644762,-95.7561504,2318,6066,United States,Oklahoma,null,4G
AT&T,samsung,SAMSUNG-SM-N920A,ANDROID70,en,2017-05-25 07:55:48 UTC,null,36.110992,-115.1730289,89,0,United States,Nevada,Paradise,4G
AT&T,samsung,SAMSUNG-SM-N920A,ANDROID70,en,2017-07-28 22:17:42 UTC,-68,32.9788622,-97.0211152,52,497,United States,Texas,Coppell,4G
AT&T,samsung,SAMSUNG-SM-N920A,ANDROID70,en,2017-07-31 19:40:39 UTC,-81,41.3374235,-75.7293609,513,318,United States,Pennsylvania,null,4G
AT&T,samsung,SAMSUNG-SM-N920A,ANDROID70,en,2017-07-22 13:55:18 UTC,null,41.0814159,-81.6878864,52,40,United States,Ohio,null,4G
AT&T,samsung,SAMSUNG-SM-N920A,ANDROID60,en,2017-05-29 05:38:10 UTC,-73,41.615461,-86.7070119,19478,11159,United States,Indiana,La Porte,4G
AT&T,samsung,SAMSUNG-SM-N920A,ANDROID70,en,2017-07-28 06:04:22 UTC,-91,35.0218526,-85.3262082,0,0,United States,Tennessee,Chattanooga,4G
AT&T,samsung,SAMSUNG-SM-N920A,ANDROID70,en,2017-07-16 15:40:07 UTC,null,40.7523788,-73.8440772,0,0,United States,New York,New York,4G
AT&T MicroCell,samsung,SAMSUNG-SM-N920A,ANDROID70,en,2017-07-30 08:10:17 UTC,null,38.2078025,-97.5164327,5863,19064,United States,Kansas,null,3G
AT&T,samsung,SM-G530H,ANDROID44,en,2017-06-16 19:10:20 UTC,-85,35.0418967,-110.7417439,44652,26173,United States,Arizona,null,3G
AT&T,Yota Devices Limited,YD206,ANDROID44,en,2017-06-11 12:52:08 UTC,-91,32.9064955,-111.6869295,0,0,United States,Arizona,Casa Grande,3G
AT&T,LGE,LG-D851,ANDROID44,en,2017-05-12 18:22:48 UTC,null,35.8490174,-86.43018178,6304,19818,United States,Tennessee,null,4G
AT&T,LGE,LG-D950,ANDROID44,en,2017-05-07 11:26:00 UTC,null,33.90486898,-88.44902002,480,0,United States,Mississippi,null,4G
AT&T,samsung,SAMSUNG-SM-G928A,ANDROID70,en,2017-06-08 23:33:24 UTC,-66,33.5306454,-111.9751648,4656,7159,United States,Arizona,null,4G
AT&T,samsung,SAMSUNG-SM-G870A,ANDROID44,en,2017-06-09 00:47:28 UTC,null,35.25031223,-89.00807904,1228011,62287686,United States,Tennessee,null,4G
AT&T,kyocera,KYOCERA-E6560,ANDROID44,en,2017-05-09 23:43:01 UTC,-84,37.16063904,-94.54316775,0,0,United States,Missouri,null,4G
AT&T,samsung,SAMSUNG-SM-G870A,ANDROID44,en,2017-06-10 19:52:25 UTC,null,35.74973108,-89.1058579,991,981,United States,Tennessee,null,4G
AT&T,samsung,GT-N7100,ANDROID44,en,2017-06-25 13:51:14 UTC,-89,29.7146615,-95.5973212,100,100,United States,Texas,Houston,3G
AT&T,samsung,SAMSUNG-SM-T217A,ANDROID44,en,2017-05-05 20:15:30 UTC,-72,28.93433258,-81.66611126,0,0,United States,Florida,null,4G
AT&T,samsung,SAMSUNG-SM-G920A,ANDROID70,en,2017-06-09 09:02:41 UTC,null,33.5498744,-84.272486,19063,83326,United States,Georgia,null,4G
AT&T,samsung,SM-G935K,ANDROID70,ko,2017-06-23 18:47:58 UTC,null,29.9145562,-95.6295648,361,743,United States,Texas,null,3G
AT&T,samsung,SM-G530M,ANDROID44,en,2017-07-21 13:29:36 UTC,null,18.15813895,-65.81533397,52,40,United States,Puerto Rico,Humacao,3G
AT&T,LGE,LG-D950,ANDROID44,en,2017-07-05 14:25:44 UTC,-85,42.18301762,-88.33560958,2426,1583,United States,Illinois,null,4G
AT&T,LGE,LG-K371,ANDROID60,en,2017-06-28 02:59:48 UTC,null,39.0727998,-94.4462067,4563,1029,United States,Missouri,Independence,3G
AT&T,samsung,SAMSUNG-SGH-I747,ANDROID44,en,2017-05-12 22:18:05 UTC,-70,36.1804948,-94.15712457,60,0,United States,Arkansas,Springdale,4G
AT&T,Apple,"iPhone9,2",IOS103,en,2017-05-03 22:54:07 UTC,null,37.234584,-121.868521,896,11538,United States,California,San JosÃ©,4G
AT&T,samsung,SAMSUNG-SM-T337A,ANDROID44,en,2017-07-29 15:47:54 UTC,-75,30.62647264,-96.33294629,37477,488305,United States,Texas,null,4G
AT&T,LGE,LG-D950,ANDROID44,ko,2017-05-19 00:40:44 UTC,-79,39.1459054,-76.8427256,118078,143800,United States,Maryland,null,3G
AT&T,BlackBerry,BBA100-1,ANDROID60,en,2017-06-18 17:05:11 UTC,null,35.7683828,-78.7234403,13300,20185,United States,North Carolina,Raleigh,4G
AT&T,samsung,SM-G928C,ANDROID70,en,2017-06-18 14:24:23 UTC,null,37.5538634,-121.9757376,0,0,United States,California,Fremont,4G
AT&T,samsung,SAMSUNG-SM-G850A,ANDROID44,en,2017-05-01 17:17:34 UTC,-49,40.86384663,-73.92979584,0,0,United States,New York,null,4G
AT&T,samsung,SAMSUNG-SM-G928A,ANDROID70,ko,2017-06-25 02:28:00 UTC,null,40.7642675,-73.7712855,376,423,United States,New York,New York,4G
AT&T,Sony,F8332,ANDROID70,en,2017-05-26 16:16:11 UTC,-79,33.9177587,-118.3216749,0,0,United States,California,Hawthorne,4G
AT&T,samsung,SAMSUNG-SM-J320A,ANDROID60,en,2017-07-11 18:59:28 UTC,null,36.1237267,-95.8865972,52,104,United States,Oklahoma,Tulsa,4G
AT&T MicroCell,LGE,LG-H810,ANDROID60,en,2017-07-18 21:53:24 UTC,-99,28.38126898,-81.85006499,1959,5347,United States,Florida,null,3G
AT&T,samsung,SAMSUNG-SM-G928A,ANDROID70,en,2017-07-17 17:33:24 UTC,null,32.6794846,-97.4643192,0,0,United States,Texas,Benbrook,4G
AT&T,LGE,LG-E980,ANDROID44,en,2017-06-21 19:59:20 UTC,-76,36.3233966,-95.62614149,20484,10110,United States,Oklahoma,Claremore,4G
AT&T,LGE,LG-H900,ANDROID60,en,2017-05-31 15:44:57 UTC,null,32.7063796,-117.1567139,1395,1513,United States,California,San Diego,4G
AT&T,samsung,SAMSUNG-SM-G750A,ANDROID44,en,2017-07-08 18:15:52 UTC,null,34.47114582,-81.80937715,649,717,United States,South Carolina,null,4G
AT&T,Apple,iPhone 6S,IOS103,en,2017-06-04 22:27:34 UTC,null,39.929072,-75.175764,64,0,United States,Pennsylvania,Philadelphia,4G
AT&T | ROGERS,samsung,SM-G935W8,ANDROID70,en,2017-07-19 18:20:33 UTC,null,39.7245166,-105.1858996,24429,32261,United States,Colorado,Golden,4G
AT&T,HTC,HTC One A9,ANDROID60,en,2017-07-23 23:57:11 UTC,null,38.7282893,-77.7941092,0,0,United States,Virginia,null,4G
AT&T,LGE,LG-H871,ANDROID70,en,2017-07-17 08:42:57 UTC,null,33.6300321,-97.1221523,181204,287152,United States,Texas,Gainesville,4G
AT&T,OnePlus,ONEPLUS A3000,ANDROID71,ru,2017-07-22 07:42:04 UTC,-87,40.7759917,-115.8967685,7196,169810,United States,Nevada,null,4G
AT&T,samsung,SAMSUNG-SM-G920A,ANDROID70,en,2017-06-12 12:26:40 UTC,null,38.6978044,-77.1402732,0,0,United States,Virginia,null,4G
AT&T,LGE,LGMS631,ANDROID60,es,2017-06-13 22:01:53 UTC,null,33.9127923,-118.3614095,0,0,United States,California,null,3G
AT&T,samsung,SCH-I605,ANDROID44,en,2017-05-05 17:49:20 UTC,null,29.74559997,-95.30292438,3684,1343,United States,Texas,Houston,3G
AT&T,HTC,HTC One,ANDROID51,en,2017-07-14 10:31:43 UTC,-82,43.7676041,-87.713721,75696,85874,United States,Wisconsin,Sheboygan,4G
AT&T,samsung,SAMSUNG-SM-J320A,ANDROID60,en,2017-07-31 22:22:10 UTC,null,39.6023946,-86.076316,2602,1650,United States,Indiana,Greenwood,4G
AT&T,samsung,SAMSUNG-SM-G750A,ANDROID51,en,2017-07-18 21:33:02 UTC,null,44.2864028,-121.1884911,141421,264745,United States,Oregon,Redmond,4G
AT&T,Apple,iPhone 6S,IOS103,en,2017-06-10 00:30:50 UTC,null,41.973797,-87.658538,4696,16053,United States,Illinois,Chicago,UNKNOWN
AT&T,samsung,SAMSUNG-SGH-I747,ANDROID44,en,2017-06-17 18:07:15 UTC,null,43.14087393,-123.4285493,1523,5765,United States,Oregon,null,3G
