name,description,code
JOE'S TOTAL TRADING AREA,DEMI CENSUS TRADING AREA,ABB132
JOE'S TOTAL TRADING AREA,Crystal Cut GREEN CUPS 1CT,AGB132
JOE'S TOTAL TRADING AREA,Crystal Cut YELLOW CUPS 1CT,AYB132
JOE'S TOTAL TRADING AREA,Crystal Cut ORANGE CUPS 1CT,AOB132
JOE'S TOTAL TRADING AREA,Crystal Cut PURPLE CUPS 1CT,APB132
JOE'S TOTAL TRADING AREA,Crystal Cut MULTI-COLOR CUPS 1CT,AMULB132
JOE'S TOTAL TRADING AREA,Crystal Cut BLACK CUPS 1CT,ABLKB132
JOE'S TOTAL TRADING AREA,Crystal Cut CAMO CUPS 1CT,ACAMB132
CHRIS'S CENSUS TRADING AREA,Crystal Cut TURQOUIS CUPS 1CT,ATB132
CHRIS'S CENSUS TRADING AREA,Paper BLUE CUPS 1CT,PBB132
CHRIS'S CENSUS TRADING AREA,Paper GREEN CUPS 1CT,PGB132
CHRIS'S CENSUS TRADING AREA,Paper YELLOW CUPS 1CT,PYB132
CHRIS'S CENSUS TRADING AREA,Paper ORANGE CUPS 1CT,POB132
CHRIS'S CENSUS TRADING AREA,Paper PURPLE CUPS 1CT,PPB132
CHRIS'S CENSUS TRADING AREA,Paper MULTI-COLOR CUPS 1CT,PMULB132
CHRIS'S CENSUS TRADING AREA,Paper BLACK CUPS 1CT,PBLKB132
CHRIS'S CENSUS TRADING AREA,Paper CAMO CUPS 1CT,PCAMB132
CHRIS'S CENSUS TRADING AREA,Paper TURQOUIS CUPS 1CT,PTB132
CHRIS'S CENSUS TRADING AREA,Ceramic BLUE CUPS 1CT,PBB132
BUCKEYE'S UNLIMITED,Ceramic GREEN CUPS 1CT,PGB132
BUCKEYE'S UNLIMITED,Ceramic YELLOW CUPS 1CT,PYB132
BUCKEYE'S UNLIMITED,Ceramic ORANGE CUPS 1CT,POB132
BUCKEYE'S UNLIMITED,Ceramic PURPLE CUPS 1CT,PPB132
BUCKEYE'S UNLIMITED,Ceramic MULTI-COLOR CUPS 1CT,PMULB132
BUCKEYE'S UNLIMITED,Ceramic BLACK CUPS 1CT,PBLKB132
BUCKEYE'S UNLIMITED,Ceramic CAMO CUPS 1CT,PCAMB132
BUCKEYE'S UNLIMITED,Ceramic TURQOUIS CUPS 1CT,PTB132
BUCKEYE'S UNLIMITED,DEMI CENSUS TRADING AREA,ABB132
BUCKEYE'S UNLIMITED,Crystal Cut GREEN CUPS 1CT,AGB132
BUCKEYE'S UNLIMITED,Crystal Cut YELLOW CUPS 1CT,AYB132
BUCKEYE'S UNLIMITED,Crystal Cut ORANGE CUPS 1CT,AOB132
BUCKEYE'S UNLIMITED,Crystal Cut PURPLE CUPS 1CT,APB132
BUCKEYE'S UNLIMITED,Crystal Cut MULTI-COLOR CUPS 1CT,AMULB132
BUCKEYE'S UNLIMITED,Crystal Cut BLACK CUPS 1CT,ABLKB132
STOP SHOP TRADING LT,Crystal Cut CAMO CUPS 1CT,ACAMB132
STOP SHOP TRADING LT,Crystal Cut TURQOUIS CUPS 1CT,ATB132
STOP SHOP TRADING LT,Paper BLUE CUPS 1CT,PBB132
STOP SHOP TRADING LT,Paper GREEN CUPS 1CT,PGB132
STOP SHOP TRADING LT,Paper YELLOW CUPS 1CT,PYB132
STOP SHOP TRADING LT,Paper ORANGE CUPS 1CT,POB132
STOP SHOP TRADING LT,Paper PURPLE CUPS 1CT,PPB132
STOP SHOP TRADING LT,Paper MULTI-COLOR CUPS 1CT,PMULB132
STOP SHOP TRADING LT,Paper BLACK CUPS 1CT,PBLKB132
STOP SHOP TRADING LT,Paper CAMO CUPS 1CT,PCAMB132
STOP SHOP TRADING LT,Paper TURQOUIS CUPS 1CT,PTB132
STOP SHOP TRADING LT,Ceramic BLUE CUPS 1CT,PBB132
STOP SHOP TRADING LT,Ceramic GREEN CUPS 1CT,PGB132
STOP SHOP TRADING LT,Ceramic YELLOW CUPS 1CT,PYB132
STOP SHOP TRADING LT,Ceramic ORANGE CUPS 1CT,POB132
WARNER'S GROUP TOTAL TRADING,Ceramic PURPLE CUPS 1CT,PPB132
WARNER'S GROUP TOTAL TRADING,Ceramic MULTI-COLOR CUPS 1CT,PMULB132
WARNER'S GROUP TOTAL TRADING,Ceramic BLACK CUPS 1CT,PBLKB132
WARNER'S GROUP TOTAL TRADING,Ceramic CAMO CUPS 1CT,PCAMB132
WARNER'S GROUP TOTAL TRADING,Ceramic TURQOUIS CUPS 1CT,PTB132
JOE'S TOTAL TRADING AREA,DEMI CENSUS TRADING AREA,ABB132
JOE'S TOTAL TRADING AREA,Crystal Cut GREEN CUPS 1CT,AGB132
JOE'S TOTAL TRADING AREA,Crystal Cut YELLOW CUPS 1CT,AYB132
JOE'S TOTAL TRADING AREA,Crystal Cut ORANGE CUPS 1CT,AOB132
JOE'S TOTAL TRADING AREA,Crystal Cut PURPLE CUPS 1CT,APB132
JOE'S TOTAL TRADING AREA,Crystal Cut MULTI-COLOR CUPS 1CT,AMULB132
JOE'S TOTAL TRADING AREA,Crystal Cut BLACK CUPS 1CT,ABLKB132
JOE'S TOTAL TRADING AREA,Crystal Cut CAMO CUPS 1CT,ACAMB132
CHRIS'S CENSUS TRADING AREA,Crystal Cut TURQOUIS CUPS 1CT,ATB132
CHRIS'S CENSUS TRADING AREA,Paper BLUE CUPS 1CT,PBB132
CHRIS'S CENSUS TRADING AREA,Paper GREEN CUPS 1CT,PGB132
CHRIS'S CENSUS TRADING AREA,Paper YELLOW CUPS 1CT,PYB132
CHRIS'S CENSUS TRADING AREA,Paper ORANGE CUPS 1CT,POB132
CHRIS'S CENSUS TRADING AREA,Paper PURPLE CUPS 1CT,PPB132
CHRIS'S CENSUS TRADING AREA,Paper MULTI-COLOR CUPS 1CT,PMULB132
CHRIS'S CENSUS TRADING AREA,Paper BLACK CUPS 1CT,PBLKB132
CHRIS'S CENSUS TRADING AREA,Paper CAMO CUPS 1CT,PCAMB132
CHRIS'S CENSUS TRADING AREA,Paper TURQOUIS CUPS 1CT,PTB132
CHRIS'S CENSUS TRADING AREA,Ceramic BLUE CUPS 1CT,PBB132
BUCKEYE'S UNLIMITED,Ceramic GREEN CUPS 1CT,PGB132
BUCKEYE'S UNLIMITED,Ceramic YELLOW CUPS 1CT,PYB132
BUCKEYE'S UNLIMITED,Ceramic ORANGE CUPS 1CT,POB132
BUCKEYE'S UNLIMITED,Ceramic PURPLE CUPS 1CT,PPB132
BUCKEYE'S UNLIMITED,Ceramic MULTI-COLOR CUPS 1CT,PMULB132
BUCKEYE'S UNLIMITED,Ceramic BLACK CUPS 1CT,PBLKB132
BUCKEYE'S UNLIMITED,Ceramic CAMO CUPS 1CT,PCAMB132
BUCKEYE'S UNLIMITED,Ceramic TURQOUIS CUPS 1CT,PTB132
BUCKEYE'S UNLIMITED,DEMI CENSUS TRADING AREA,ABB132
BUCKEYE'S UNLIMITED,Crystal Cut GREEN CUPS 1CT,AGB132
BUCKEYE'S UNLIMITED,Crystal Cut YELLOW CUPS 1CT,AYB132
BUCKEYE'S UNLIMITED,Crystal Cut ORANGE CUPS 1CT,AOB132
BUCKEYE'S UNLIMITED,Crystal Cut PURPLE CUPS 1CT,APB132
BUCKEYE'S UNLIMITED,Crystal Cut MULTI-COLOR CUPS 1CT,AMULB132
BUCKEYE'S UNLIMITED,Crystal Cut BLACK CUPS 1CT,ABLKB132
STOP SHOP TRADING LT,Crystal Cut CAMO CUPS 1CT,ACAMB132
STOP SHOP TRADING LT,Crystal Cut TURQOUIS CUPS 1CT,ATB132
STOP SHOP TRADING LT,Paper BLUE CUPS 1CT,PBB132
STOP SHOP TRADING LT,Paper GREEN CUPS 1CT,PGB132
STOP SHOP TRADING LT,Paper YELLOW CUPS 1CT,PYB132
STOP SHOP TRADING LT,Paper ORANGE CUPS 1CT,POB132
STOP SHOP TRADING LT,Paper PURPLE CUPS 1CT,PPB132
STOP SHOP TRADING LT,Paper MULTI-COLOR CUPS 1CT,PMULB132
STOP SHOP TRADING LT,Paper BLACK CUPS 1CT,PBLKB132
STOP SHOP TRADING LT,Paper CAMO CUPS 1CT,PCAMB132
STOP SHOP TRADING LT,Paper TURQOUIS CUPS 1CT,PTB132
STOP SHOP TRADING LT,Ceramic BLUE CUPS 1CT,PBB132
STOP SHOP TRADING LT,Ceramic GREEN CUPS 1CT,PGB132
STOP SHOP TRADING LT,Ceramic YELLOW CUPS 1CT,PYB132
STOP SHOP TRADING LT,Ceramic ORANGE CUPS 1CT,POB132
WARNER'S GROUP TOTAL TRADING,Ceramic PURPLE CUPS 1CT,PPB132
WARNER'S GROUP TOTAL TRADING,Ceramic MULTI-COLOR CUPS 1CT,PMULB132
WARNER'S GROUP TOTAL TRADING,Ceramic BLACK CUPS 1CT,PBLKB132
WARNER'S GROUP TOTAL TRADING,Ceramic CAMO CUPS 1CT,PCAMB132
WARNER'S GROUP TOTAL TRADING,Ceramic TURQOUIS CUPS 1CT,PTB132
JOE'S TOTAL TRADING AREA,DEMI CENSUS TRADING AREA,ABB132
JOE'S TOTAL TRADING AREA,Crystal Cut GREEN CUPS 1CT,AGB132
JOE'S TOTAL TRADING AREA,Crystal Cut YELLOW CUPS 1CT,AYB132
JOE'S TOTAL TRADING AREA,Crystal Cut ORANGE CUPS 1CT,AOB132
JOE'S TOTAL TRADING AREA,Crystal Cut PURPLE CUPS 1CT,APB132
JOE'S TOTAL TRADING AREA,Crystal Cut MULTI-COLOR CUPS 1CT,AMULB132
JOE'S TOTAL TRADING AREA,Crystal Cut BLACK CUPS 1CT,ABLKB132
JOE'S TOTAL TRADING AREA,Crystal Cut CAMO CUPS 1CT,ACAMB132
CHRIS'S CENSUS TRADING AREA,Crystal Cut TURQOUIS CUPS 1CT,ATB132
CHRIS'S CENSUS TRADING AREA,Paper BLUE CUPS 1CT,PBB132
CHRIS'S CENSUS TRADING AREA,Paper GREEN CUPS 1CT,PGB132
CHRIS'S CENSUS TRADING AREA,Paper YELLOW CUPS 1CT,PYB132
CHRIS'S CENSUS TRADING AREA,Paper ORANGE CUPS 1CT,POB132
CHRIS'S CENSUS TRADING AREA,Paper PURPLE CUPS 1CT,PPB132
CHRIS'S CENSUS TRADING AREA,Paper MULTI-COLOR CUPS 1CT,PMULB132
CHRIS'S CENSUS TRADING AREA,Paper BLACK CUPS 1CT,PBLKB132
CHRIS'S CENSUS TRADING AREA,Paper CAMO CUPS 1CT,PCAMB132
CHRIS'S CENSUS TRADING AREA,Paper TURQOUIS CUPS 1CT,PTB132
CHRIS'S CENSUS TRADING AREA,Ceramic BLUE CUPS 1CT,PBB132
BUCKEYE'S UNLIMITED,Ceramic GREEN CUPS 1CT,PGB132
BUCKEYE'S UNLIMITED,Ceramic YELLOW CUPS 1CT,PYB132
BUCKEYE'S UNLIMITED,Ceramic ORANGE CUPS 1CT,POB132
BUCKEYE'S UNLIMITED,Ceramic PURPLE CUPS 1CT,PPB132
BUCKEYE'S UNLIMITED,Ceramic MULTI-COLOR CUPS 1CT,PMULB132
BUCKEYE'S UNLIMITED,Ceramic BLACK CUPS 1CT,PBLKB132
BUCKEYE'S UNLIMITED,Ceramic CAMO CUPS 1CT,PCAMB132
BUCKEYE'S UNLIMITED,Ceramic TURQOUIS CUPS 1CT,PTB132
BUCKEYE'S UNLIMITED,DEMI CENSUS TRADING AREA,ABB132
BUCKEYE'S UNLIMITED,Crystal Cut GREEN CUPS 1CT,AGB132
BUCKEYE'S UNLIMITED,Crystal Cut YELLOW CUPS 1CT,AYB132
BUCKEYE'S UNLIMITED,Crystal Cut ORANGE CUPS 1CT,AOB132
BUCKEYE'S UNLIMITED,Crystal Cut PURPLE CUPS 1CT,APB132
BUCKEYE'S UNLIMITED,Crystal Cut MULTI-COLOR CUPS 1CT,AMULB132
BUCKEYE'S UNLIMITED,Crystal Cut BLACK CUPS 1CT,ABLKB132
STOP SHOP TRADING LT,Crystal Cut CAMO CUPS 1CT,ACAMB132
STOP SHOP TRADING LT,Crystal Cut TURQOUIS CUPS 1CT,ATB132
STOP SHOP TRADING LT,Paper BLUE CUPS 1CT,PBB132
STOP SHOP TRADING LT,Paper GREEN CUPS 1CT,PGB132
STOP SHOP TRADING LT,Paper YELLOW CUPS 1CT,PYB132
STOP SHOP TRADING LT,Paper ORANGE CUPS 1CT,POB132
STOP SHOP TRADING LT,Paper PURPLE CUPS 1CT,PPB132
STOP SHOP TRADING LT,Paper MULTI-COLOR CUPS 1CT,PMULB132
STOP SHOP TRADING LT,Paper BLACK CUPS 1CT,PBLKB132
STOP SHOP TRADING LT,Paper CAMO CUPS 1CT,PCAMB132
STOP SHOP TRADING LT,Paper TURQOUIS CUPS 1CT,PTB132
STOP SHOP TRADING LT,Ceramic BLUE CUPS 1CT,PBB132
STOP SHOP TRADING LT,Ceramic GREEN CUPS 1CT,PGB132
STOP SHOP TRADING LT,Ceramic YELLOW CUPS 1CT,PYB132
STOP SHOP TRADING LT,Ceramic ORANGE CUPS 1CT,POB132
WARNER'S GROUP TOTAL TRADING,Ceramic PURPLE CUPS 1CT,PPB132
WARNER'S GROUP TOTAL TRADING,Ceramic MULTI-COLOR CUPS 1CT,PMULB132
WARNER'S GROUP TOTAL TRADING,Ceramic BLACK CUPS 1CT,PBLKB132
WARNER'S GROUP TOTAL TRADING,Ceramic CAMO CUPS 1CT,PCAMB132
WARNER'S GROUP TOTAL TRADING,Ceramic TURQOUIS CUPS 1CT,PTB132
JOE'S TOTAL TRADING AREA,DEMI CENSUS TRADING AREA,ABB132
JOE'S TOTAL TRADING AREA,Crystal Cut GREEN CUPS 1CT,AGB132
JOE'S TOTAL TRADING AREA,Crystal Cut YELLOW CUPS 1CT,AYB132
JOE'S TOTAL TRADING AREA,Crystal Cut ORANGE CUPS 1CT,AOB132
JOE'S TOTAL TRADING AREA,Crystal Cut PURPLE CUPS 1CT,APB132
JOE'S TOTAL TRADING AREA,Crystal Cut MULTI-COLOR CUPS 1CT,AMULB132
JOE'S TOTAL TRADING AREA,Crystal Cut BLACK CUPS 1CT,ABLKB132
JOE'S TOTAL TRADING AREA,Crystal Cut CAMO CUPS 1CT,ACAMB132
CHRIS'S CENSUS TRADING AREA,Crystal Cut TURQOUIS CUPS 1CT,ATB132
CHRIS'S CENSUS TRADING AREA,Paper BLUE CUPS 1CT,PBB132
CHRIS'S CENSUS TRADING AREA,Paper GREEN CUPS 1CT,PGB132
CHRIS'S CENSUS TRADING AREA,Paper YELLOW CUPS 1CT,PYB132
CHRIS'S CENSUS TRADING AREA,Paper ORANGE CUPS 1CT,POB132
CHRIS'S CENSUS TRADING AREA,Paper PURPLE CUPS 1CT,PPB132
CHRIS'S CENSUS TRADING AREA,Paper MULTI-COLOR CUPS 1CT,PMULB132
CHRIS'S CENSUS TRADING AREA,Paper BLACK CUPS 1CT,PBLKB132
CHRIS'S CENSUS TRADING AREA,Paper CAMO CUPS 1CT,PCAMB132
CHRIS'S CENSUS TRADING AREA,Paper TURQOUIS CUPS 1CT,PTB132
CHRIS'S CENSUS TRADING AREA,Ceramic BLUE CUPS 1CT,PBB132
BUCKEYE'S UNLIMITED,Ceramic GREEN CUPS 1CT,PGB132
BUCKEYE'S UNLIMITED,Ceramic YELLOW CUPS 1CT,PYB132
BUCKEYE'S UNLIMITED,Ceramic ORANGE CUPS 1CT,POB132
BUCKEYE'S UNLIMITED,Ceramic PURPLE CUPS 1CT,PPB132
BUCKEYE'S UNLIMITED,Ceramic MULTI-COLOR CUPS 1CT,PMULB132
BUCKEYE'S UNLIMITED,Ceramic BLACK CUPS 1CT,PBLKB132
BUCKEYE'S UNLIMITED,Ceramic CAMO CUPS 1CT,PCAMB132
BUCKEYE'S UNLIMITED,Ceramic TURQOUIS CUPS 1CT,PTB132
BUCKEYE'S UNLIMITED,DEMI CENSUS TRADING AREA,ABB132
BUCKEYE'S UNLIMITED,Crystal Cut GREEN CUPS 1CT,AGB132
BUCKEYE'S UNLIMITED,Crystal Cut YELLOW CUPS 1CT,AYB132
BUCKEYE'S UNLIMITED,Crystal Cut ORANGE CUPS 1CT,AOB132
BUCKEYE'S UNLIMITED,Crystal Cut PURPLE CUPS 1CT,APB132
BUCKEYE'S UNLIMITED,Crystal Cut MULTI-COLOR CUPS 1CT,AMULB132
BUCKEYE'S UNLIMITED,Crystal Cut BLACK CUPS 1CT,ABLKB132
STOP SHOP TRADING LT,Crystal Cut CAMO CUPS 1CT,ACAMB132
STOP SHOP TRADING LT,Crystal Cut TURQOUIS CUPS 1CT,ATB132
STOP SHOP TRADING LT,Paper BLUE CUPS 1CT,PBB132
STOP SHOP TRADING LT,Paper GREEN CUPS 1CT,PGB132
STOP SHOP TRADING LT,Paper YELLOW CUPS 1CT,PYB132
STOP SHOP TRADING LT,Paper ORANGE CUPS 1CT,POB132
STOP SHOP TRADING LT,Paper PURPLE CUPS 1CT,PPB132
STOP SHOP TRADING LT,Paper MULTI-COLOR CUPS 1CT,PMULB132
STOP SHOP TRADING LT,Paper BLACK CUPS 1CT,PBLKB132
STOP SHOP TRADING LT,Paper CAMO CUPS 1CT,PCAMB132
STOP SHOP TRADING LT,Paper TURQOUIS CUPS 1CT,PTB132
STOP SHOP TRADING LT,Ceramic BLUE CUPS 1CT,PBB132
STOP SHOP TRADING LT,Ceramic GREEN CUPS 1CT,PGB132
STOP SHOP TRADING LT,Ceramic YELLOW CUPS 1CT,PYB132
STOP SHOP TRADING LT,Ceramic ORANGE CUPS 1CT,POB132
WARNER'S GROUP TOTAL TRADING,Ceramic PURPLE CUPS 1CT,PPB132
WARNER'S GROUP TOTAL TRADING,Ceramic MULTI-COLOR CUPS 1CT,PMULB132
WARNER'S GROUP TOTAL TRADING,Ceramic BLACK CUPS 1CT,PBLKB132
WARNER'S GROUP TOTAL TRADING,Ceramic CAMO CUPS 1CT,PCAMB132
WARNER'S GROUP TOTAL TRADING,Ceramic TURQOUIS CUPS 1CT,PTB132
JOE'S TOTAL TRADING AREA,DEMI CENSUS TRADING AREA,ABB132
JOE'S TOTAL TRADING AREA,Crystal Cut GREEN CUPS 1CT,AGB132
JOE'S TOTAL TRADING AREA,Crystal Cut YELLOW CUPS 1CT,AYB132
JOE'S TOTAL TRADING AREA,Crystal Cut ORANGE CUPS 1CT,AOB132
JOE'S TOTAL TRADING AREA,Crystal Cut PURPLE CUPS 1CT,APB132
JOE'S TOTAL TRADING AREA,Crystal Cut MULTI-COLOR CUPS 1CT,AMULB132
JOE'S TOTAL TRADING AREA,Crystal Cut BLACK CUPS 1CT,ABLKB132
JOE'S TOTAL TRADING AREA,Crystal Cut CAMO CUPS 1CT,ACAMB132
CHRIS'S CENSUS TRADING AREA,Crystal Cut TURQOUIS CUPS 1CT,ATB132
CHRIS'S CENSUS TRADING AREA,Paper BLUE CUPS 1CT,PBB132
CHRIS'S CENSUS TRADING AREA,Paper GREEN CUPS 1CT,PGB132
CHRIS'S CENSUS TRADING AREA,Paper YELLOW CUPS 1CT,PYB132
CHRIS'S CENSUS TRADING AREA,Paper ORANGE CUPS 1CT,POB132
CHRIS'S CENSUS TRADING AREA,Paper PURPLE CUPS 1CT,PPB132
CHRIS'S CENSUS TRADING AREA,Paper MULTI-COLOR CUPS 1CT,PMULB132
CHRIS'S CENSUS TRADING AREA,Paper BLACK CUPS 1CT,PBLKB132
CHRIS'S CENSUS TRADING AREA,Paper CAMO CUPS 1CT,PCAMB132
CHRIS'S CENSUS TRADING AREA,Paper TURQOUIS CUPS 1CT,PTB132
CHRIS'S CENSUS TRADING AREA,Ceramic BLUE CUPS 1CT,PBB132
BUCKEYE'S UNLIMITED,Ceramic GREEN CUPS 1CT,PGB132
BUCKEYE'S UNLIMITED,Ceramic YELLOW CUPS 1CT,PYB132
BUCKEYE'S UNLIMITED,Ceramic ORANGE CUPS 1CT,POB132
BUCKEYE'S UNLIMITED,Ceramic PURPLE CUPS 1CT,PPB132
BUCKEYE'S UNLIMITED,Ceramic MULTI-COLOR CUPS 1CT,PMULB132
BUCKEYE'S UNLIMITED,Ceramic BLACK CUPS 1CT,PBLKB132
BUCKEYE'S UNLIMITED,Ceramic CAMO CUPS 1CT,PCAMB132
BUCKEYE'S UNLIMITED,Ceramic TURQOUIS CUPS 1CT,PTB132
BUCKEYE'S UNLIMITED,DEMI CENSUS TRADING AREA,ABB132
BUCKEYE'S UNLIMITED,Crystal Cut GREEN CUPS 1CT,AGB132
BUCKEYE'S UNLIMITED,Crystal Cut YELLOW CUPS 1CT,AYB132
BUCKEYE'S UNLIMITED,Crystal Cut ORANGE CUPS 1CT,AOB132
BUCKEYE'S UNLIMITED,Crystal Cut PURPLE CUPS 1CT,APB132
BUCKEYE'S UNLIMITED,Crystal Cut MULTI-COLOR CUPS 1CT,AMULB132
BUCKEYE'S UNLIMITED,Crystal Cut BLACK CUPS 1CT,ABLKB132
STOP SHOP TRADING LT,Crystal Cut CAMO CUPS 1CT,ACAMB132
STOP SHOP TRADING LT,Crystal Cut TURQOUIS CUPS 1CT,ATB132
STOP SHOP TRADING LT,Paper BLUE CUPS 1CT,PBB132
STOP SHOP TRADING LT,Paper GREEN CUPS 1CT,PGB132
STOP SHOP TRADING LT,Paper YELLOW CUPS 1CT,PYB132
STOP SHOP TRADING LT,Paper ORANGE CUPS 1CT,POB132
STOP SHOP TRADING LT,Paper PURPLE CUPS 1CT,PPB132
STOP SHOP TRADING LT,Paper MULTI-COLOR CUPS 1CT,PMULB132
STOP SHOP TRADING LT,Paper BLACK CUPS 1CT,PBLKB132
STOP SHOP TRADING LT,Paper CAMO CUPS 1CT,PCAMB132
STOP SHOP TRADING LT,Paper TURQOUIS CUPS 1CT,PTB132
STOP SHOP TRADING LT,Ceramic BLUE CUPS 1CT,PBB132
STOP SHOP TRADING LT,Ceramic GREEN CUPS 1CT,PGB132
STOP SHOP TRADING LT,Ceramic YELLOW CUPS 1CT,PYB132
STOP SHOP TRADING LT,Ceramic ORANGE CUPS 1CT,POB132
WARNER'S GROUP TOTAL TRADING,Ceramic PURPLE CUPS 1CT,PPB132
WARNER'S GROUP TOTAL TRADING,Ceramic MULTI-COLOR CUPS 1CT,PMULB132
WARNER'S GROUP TOTAL TRADING,Ceramic BLACK CUPS 1CT,PBLKB132
WARNER'S GROUP TOTAL TRADING,Ceramic CAMO CUPS 1CT,PCAMB132
WARNER'S GROUP TOTAL TRADING,Ceramic TURQOUIS CUPS 1CT,PTB132
JOE'S TOTAL TRADING AREA,DEMI CENSUS TRADING AREA,ABB132
JOE'S TOTAL TRADING AREA,Crystal Cut GREEN CUPS 1CT,AGB132
JOE'S TOTAL TRADING AREA,Crystal Cut YELLOW CUPS 1CT,AYB132
JOE'S TOTAL TRADING AREA,Crystal Cut ORANGE CUPS 1CT,AOB132
JOE'S TOTAL TRADING AREA,Crystal Cut PURPLE CUPS 1CT,APB132
JOE'S TOTAL TRADING AREA,Crystal Cut MULTI-COLOR CUPS 1CT,AMULB132
JOE'S TOTAL TRADING AREA,Crystal Cut BLACK CUPS 1CT,ABLKB132
JOE'S TOTAL TRADING AREA,Crystal Cut CAMO CUPS 1CT,ACAMB132
CHRIS'S CENSUS TRADING AREA,Crystal Cut TURQOUIS CUPS 1CT,ATB132
CHRIS'S CENSUS TRADING AREA,Paper BLUE CUPS 1CT,PBB132
CHRIS'S CENSUS TRADING AREA,Paper GREEN CUPS 1CT,PGB132
CHRIS'S CENSUS TRADING AREA,Paper YELLOW CUPS 1CT,PYB132
CHRIS'S CENSUS TRADING AREA,Paper ORANGE CUPS 1CT,POB132
CHRIS'S CENSUS TRADING AREA,Paper PURPLE CUPS 1CT,PPB132
CHRIS'S CENSUS TRADING AREA,Paper MULTI-COLOR CUPS 1CT,PMULB132
CHRIS'S CENSUS TRADING AREA,Paper BLACK CUPS 1CT,PBLKB132
CHRIS'S CENSUS TRADING AREA,Paper CAMO CUPS 1CT,PCAMB132
CHRIS'S CENSUS TRADING AREA,Paper TURQOUIS CUPS 1CT,PTB132
CHRIS'S CENSUS TRADING AREA,Ceramic BLUE CUPS 1CT,PBB132
BUCKEYE'S UNLIMITED,Ceramic GREEN CUPS 1CT,PGB132
BUCKEYE'S UNLIMITED,Ceramic YELLOW CUPS 1CT,PYB132
BUCKEYE'S UNLIMITED,Ceramic ORANGE CUPS 1CT,POB132
BUCKEYE'S UNLIMITED,Ceramic PURPLE CUPS 1CT,PPB132
BUCKEYE'S UNLIMITED,Ceramic MULTI-COLOR CUPS 1CT,PMULB132
BUCKEYE'S UNLIMITED,Ceramic BLACK CUPS 1CT,PBLKB132
BUCKEYE'S UNLIMITED,Ceramic CAMO CUPS 1CT,PCAMB132
BUCKEYE'S UNLIMITED,Ceramic TURQOUIS CUPS 1CT,PTB132
BUCKEYE'S UNLIMITED,DEMI CENSUS TRADING AREA,ABB132
BUCKEYE'S UNLIMITED,Crystal Cut GREEN CUPS 1CT,AGB132
BUCKEYE'S UNLIMITED,Crystal Cut YELLOW CUPS 1CT,AYB132
BUCKEYE'S UNLIMITED,Crystal Cut ORANGE CUPS 1CT,AOB132
BUCKEYE'S UNLIMITED,Crystal Cut PURPLE CUPS 1CT,APB132
BUCKEYE'S UNLIMITED,Crystal Cut MULTI-COLOR CUPS 1CT,AMULB132
BUCKEYE'S UNLIMITED,Crystal Cut BLACK CUPS 1CT,ABLKB132
STOP SHOP TRADING LT,Crystal Cut CAMO CUPS 1CT,ACAMB132
STOP SHOP TRADING LT,Crystal Cut TURQOUIS CUPS 1CT,ATB132
STOP SHOP TRADING LT,Paper BLUE CUPS 1CT,PBB132
STOP SHOP TRADING LT,Paper GREEN CUPS 1CT,PGB132
STOP SHOP TRADING LT,Paper YELLOW CUPS 1CT,PYB132
STOP SHOP TRADING LT,Paper ORANGE CUPS 1CT,POB132
STOP SHOP TRADING LT,Paper PURPLE CUPS 1CT,PPB132
STOP SHOP TRADING LT,Paper MULTI-COLOR CUPS 1CT,PMULB132
STOP SHOP TRADING LT,Paper BLACK CUPS 1CT,PBLKB132
STOP SHOP TRADING LT,Paper CAMO CUPS 1CT,PCAMB132
STOP SHOP TRADING LT,Paper TURQOUIS CUPS 1CT,PTB132
STOP SHOP TRADING LT,Ceramic BLUE CUPS 1CT,PBB132
STOP SHOP TRADING LT,Ceramic GREEN CUPS 1CT,PGB132
STOP SHOP TRADING LT,Ceramic YELLOW CUPS 1CT,PYB132
STOP SHOP TRADING LT,Ceramic ORANGE CUPS 1CT,POB132
WARNER'S GROUP TOTAL TRADING,Ceramic PURPLE CUPS 1CT,PPB132
WARNER'S GROUP TOTAL TRADING,Ceramic MULTI-COLOR CUPS 1CT,PMULB132
WARNER'S GROUP TOTAL TRADING,Ceramic BLACK CUPS 1CT,PBLKB132
WARNER'S GROUP TOTAL TRADING,Ceramic CAMO CUPS 1CT,PCAMB132
WARNER'S GROUP TOTAL TRADING,Ceramic TURQOUIS CUPS 1CT,PTB132
JOE'S TOTAL TRADING AREA,DEMI CENSUS TRADING AREA,ABB132
JOE'S TOTAL TRADING AREA,Crystal Cut GREEN CUPS 1CT,AGB132
JOE'S TOTAL TRADING AREA,Crystal Cut YELLOW CUPS 1CT,AYB132
JOE'S TOTAL TRADING AREA,Crystal Cut ORANGE CUPS 1CT,AOB132
JOE'S TOTAL TRADING AREA,Crystal Cut PURPLE CUPS 1CT,APB132
JOE'S TOTAL TRADING AREA,Crystal Cut MULTI-COLOR CUPS 1CT,AMULB132
JOE'S TOTAL TRADING AREA,Crystal Cut BLACK CUPS 1CT,ABLKB132
JOE'S TOTAL TRADING AREA,Crystal Cut CAMO CUPS 1CT,ACAMB132
CHRIS'S CENSUS TRADING AREA,Crystal Cut TURQOUIS CUPS 1CT,ATB132
CHRIS'S CENSUS TRADING AREA,Paper BLUE CUPS 1CT,PBB132
CHRIS'S CENSUS TRADING AREA,Paper GREEN CUPS 1CT,PGB132
CHRIS'S CENSUS TRADING AREA,Paper YELLOW CUPS 1CT,PYB132
CHRIS'S CENSUS TRADING AREA,Paper ORANGE CUPS 1CT,POB132
CHRIS'S CENSUS TRADING AREA,Paper PURPLE CUPS 1CT,PPB132
CHRIS'S CENSUS TRADING AREA,Paper MULTI-COLOR CUPS 1CT,PMULB132
CHRIS'S CENSUS TRADING AREA,Paper BLACK CUPS 1CT,PBLKB132
CHRIS'S CENSUS TRADING AREA,Paper CAMO CUPS 1CT,PCAMB132
CHRIS'S CENSUS TRADING AREA,Paper TURQOUIS CUPS 1CT,PTB132
CHRIS'S CENSUS TRADING AREA,Ceramic BLUE CUPS 1CT,PBB132
BUCKEYE'S UNLIMITED,Ceramic GREEN CUPS 1CT,PGB132
BUCKEYE'S UNLIMITED,Ceramic YELLOW CUPS 1CT,PYB132
BUCKEYE'S UNLIMITED,Ceramic ORANGE CUPS 1CT,POB132
BUCKEYE'S UNLIMITED,Ceramic PURPLE CUPS 1CT,PPB132
BUCKEYE'S UNLIMITED,Ceramic MULTI-COLOR CUPS 1CT,PMULB132
BUCKEYE'S UNLIMITED,Ceramic BLACK CUPS 1CT,PBLKB132
BUCKEYE'S UNLIMITED,Ceramic CAMO CUPS 1CT,PCAMB132
BUCKEYE'S UNLIMITED,Ceramic TURQOUIS CUPS 1CT,PTB132
BUCKEYE'S UNLIMITED,DEMI CENSUS TRADING AREA,ABB132
BUCKEYE'S UNLIMITED,Crystal Cut GREEN CUPS 1CT,AGB132
BUCKEYE'S UNLIMITED,Crystal Cut YELLOW CUPS 1CT,AYB132
BUCKEYE'S UNLIMITED,Crystal Cut ORANGE CUPS 1CT,AOB132
BUCKEYE'S UNLIMITED,Crystal Cut PURPLE CUPS 1CT,APB132
BUCKEYE'S UNLIMITED,Crystal Cut MULTI-COLOR CUPS 1CT,AMULB132
BUCKEYE'S UNLIMITED,Crystal Cut BLACK CUPS 1CT,ABLKB132
STOP SHOP TRADING LT,Crystal Cut CAMO CUPS 1CT,ACAMB132
STOP SHOP TRADING LT,Crystal Cut TURQOUIS CUPS 1CT,ATB132
STOP SHOP TRADING LT,Paper BLUE CUPS 1CT,PBB132
STOP SHOP TRADING LT,Paper GREEN CUPS 1CT,PGB132
STOP SHOP TRADING LT,Paper YELLOW CUPS 1CT,PYB132
STOP SHOP TRADING LT,Paper ORANGE CUPS 1CT,POB132
STOP SHOP TRADING LT,Paper PURPLE CUPS 1CT,PPB132
STOP SHOP TRADING LT,Paper MULTI-COLOR CUPS 1CT,PMULB132
STOP SHOP TRADING LT,Paper BLACK CUPS 1CT,PBLKB132
STOP SHOP TRADING LT,Paper CAMO CUPS 1CT,PCAMB132
STOP SHOP TRADING LT,Paper TURQOUIS CUPS 1CT,PTB132
STOP SHOP TRADING LT,Ceramic BLUE CUPS 1CT,PBB132
STOP SHOP TRADING LT,Ceramic GREEN CUPS 1CT,PGB132
STOP SHOP TRADING LT,Ceramic YELLOW CUPS 1CT,PYB132
STOP SHOP TRADING LT,Ceramic ORANGE CUPS 1CT,POB132
WARNER'S GROUP TOTAL TRADING,Ceramic PURPLE CUPS 1CT,PPB132
WARNER'S GROUP TOTAL TRADING,Ceramic MULTI-COLOR CUPS 1CT,PMULB132
WARNER'S GROUP TOTAL TRADING,Ceramic BLACK CUPS 1CT,PBLKB132
WARNER'S GROUP TOTAL TRADING,Ceramic CAMO CUPS 1CT,PCAMB132
WARNER'S GROUP TOTAL TRADING,Ceramic TURQOUIS CUPS 1CT,PTB132
JOE'S TOTAL TRADING AREA,DEMI CENSUS TRADING AREA,ABB132
JOE'S TOTAL TRADING AREA,Crystal Cut GREEN CUPS 1CT,AGB132
JOE'S TOTAL TRADING AREA,Crystal Cut YELLOW CUPS 1CT,AYB132
JOE'S TOTAL TRADING AREA,Crystal Cut ORANGE CUPS 1CT,AOB132
JOE'S TOTAL TRADING AREA,Crystal Cut PURPLE CUPS 1CT,APB132
JOE'S TOTAL TRADING AREA,Crystal Cut MULTI-COLOR CUPS 1CT,AMULB132
JOE'S TOTAL TRADING AREA,Crystal Cut BLACK CUPS 1CT,ABLKB132
JOE'S TOTAL TRADING AREA,Crystal Cut CAMO CUPS 1CT,ACAMB132
CHRIS'S CENSUS TRADING AREA,Crystal Cut TURQOUIS CUPS 1CT,ATB132
CHRIS'S CENSUS TRADING AREA,Paper BLUE CUPS 1CT,PBB132
CHRIS'S CENSUS TRADING AREA,Paper GREEN CUPS 1CT,PGB132
CHRIS'S CENSUS TRADING AREA,Paper YELLOW CUPS 1CT,PYB132
CHRIS'S CENSUS TRADING AREA,Paper ORANGE CUPS 1CT,POB132
CHRIS'S CENSUS TRADING AREA,Paper PURPLE CUPS 1CT,PPB132
CHRIS'S CENSUS TRADING AREA,Paper MULTI-COLOR CUPS 1CT,PMULB132
CHRIS'S CENSUS TRADING AREA,Paper BLACK CUPS 1CT,PBLKB132
CHRIS'S CENSUS TRADING AREA,Paper CAMO CUPS 1CT,PCAMB132
CHRIS'S CENSUS TRADING AREA,Paper TURQOUIS CUPS 1CT,PTB132
CHRIS'S CENSUS TRADING AREA,Ceramic BLUE CUPS 1CT,PBB132
BUCKEYE'S UNLIMITED,Ceramic GREEN CUPS 1CT,PGB132
BUCKEYE'S UNLIMITED,Ceramic YELLOW CUPS 1CT,PYB132
BUCKEYE'S UNLIMITED,Ceramic ORANGE CUPS 1CT,POB132
BUCKEYE'S UNLIMITED,Ceramic PURPLE CUPS 1CT,PPB132
BUCKEYE'S UNLIMITED,Ceramic MULTI-COLOR CUPS 1CT,PMULB132
BUCKEYE'S UNLIMITED,Ceramic BLACK CUPS 1CT,PBLKB132
BUCKEYE'S UNLIMITED,Ceramic CAMO CUPS 1CT,PCAMB132
BUCKEYE'S UNLIMITED,Ceramic TURQOUIS CUPS 1CT,PTB132
BUCKEYE'S UNLIMITED,DEMI CENSUS TRADING AREA,ABB132
BUCKEYE'S UNLIMITED,Crystal Cut GREEN CUPS 1CT,AGB132
BUCKEYE'S UNLIMITED,Crystal Cut YELLOW CUPS 1CT,AYB132
BUCKEYE'S UNLIMITED,Crystal Cut ORANGE CUPS 1CT,AOB132
BUCKEYE'S UNLIMITED,Crystal Cut PURPLE CUPS 1CT,APB132
BUCKEYE'S UNLIMITED,Crystal Cut MULTI-COLOR CUPS 1CT,AMULB132
BUCKEYE'S UNLIMITED,Crystal Cut BLACK CUPS 1CT,ABLKB132
STOP SHOP TRADING LT,Crystal Cut CAMO CUPS 1CT,ACAMB132
STOP SHOP TRADING LT,Crystal Cut TURQOUIS CUPS 1CT,ATB132
STOP SHOP TRADING LT,Paper BLUE CUPS 1CT,PBB132
STOP SHOP TRADING LT,Paper GREEN CUPS 1CT,PGB132
STOP SHOP TRADING LT,Paper YELLOW CUPS 1CT,PYB132
STOP SHOP TRADING LT,Paper ORANGE CUPS 1CT,POB132
STOP SHOP TRADING LT,Paper PURPLE CUPS 1CT,PPB132
STOP SHOP TRADING LT,Paper MULTI-COLOR CUPS 1CT,PMULB132
STOP SHOP TRADING LT,Paper BLACK CUPS 1CT,PBLKB132
STOP SHOP TRADING LT,Paper CAMO CUPS 1CT,PCAMB132
STOP SHOP TRADING LT,Paper TURQOUIS CUPS 1CT,PTB132
STOP SHOP TRADING LT,Ceramic BLUE CUPS 1CT,PBB132
STOP SHOP TRADING LT,Ceramic GREEN CUPS 1CT,PGB132
STOP SHOP TRADING LT,Ceramic YELLOW CUPS 1CT,PYB132
STOP SHOP TRADING LT,Ceramic ORANGE CUPS 1CT,POB132
WARNER'S GROUP TOTAL TRADING,Ceramic PURPLE CUPS 1CT,PPB132
WARNER'S GROUP TOTAL TRADING,Ceramic MULTI-COLOR CUPS 1CT,PMULB132
WARNER'S GROUP TOTAL TRADING,Ceramic BLACK CUPS 1CT,PBLKB132
WARNER'S GROUP TOTAL TRADING,Ceramic CAMO CUPS 1CT,PCAMB132
WARNER'S GROUP TOTAL TRADING,Ceramic TURQOUIS CUPS 1CT,PTB132
JOE'S TOTAL TRADING AREA,DEMI CENSUS TRADING AREA,ABB132
JOE'S TOTAL TRADING AREA,Crystal Cut GREEN CUPS 1CT,AGB132
JOE'S TOTAL TRADING AREA,Crystal Cut YELLOW CUPS 1CT,AYB132
JOE'S TOTAL TRADING AREA,Crystal Cut ORANGE CUPS 1CT,AOB132
JOE'S TOTAL TRADING AREA,Crystal Cut PURPLE CUPS 1CT,APB132
JOE'S TOTAL TRADING AREA,Crystal Cut MULTI-COLOR CUPS 1CT,AMULB132
JOE'S TOTAL TRADING AREA,Crystal Cut BLACK CUPS 1CT,ABLKB132
JOE'S TOTAL TRADING AREA,Crystal Cut CAMO CUPS 1CT,ACAMB132
CHRIS'S CENSUS TRADING AREA,Crystal Cut TURQOUIS CUPS 1CT,ATB132
CHRIS'S CENSUS TRADING AREA,Paper BLUE CUPS 1CT,PBB132
CHRIS'S CENSUS TRADING AREA,Paper GREEN CUPS 1CT,PGB132
CHRIS'S CENSUS TRADING AREA,Paper YELLOW CUPS 1CT,PYB132
CHRIS'S CENSUS TRADING AREA,Paper ORANGE CUPS 1CT,POB132
CHRIS'S CENSUS TRADING AREA,Paper PURPLE CUPS 1CT,PPB132
CHRIS'S CENSUS TRADING AREA,Paper MULTI-COLOR CUPS 1CT,PMULB132
CHRIS'S CENSUS TRADING AREA,Paper BLACK CUPS 1CT,PBLKB132
CHRIS'S CENSUS TRADING AREA,Paper CAMO CUPS 1CT,PCAMB132
CHRIS'S CENSUS TRADING AREA,Paper TURQOUIS CUPS 1CT,PTB132
CHRIS'S CENSUS TRADING AREA,Ceramic BLUE CUPS 1CT,PBB132
BUCKEYE'S UNLIMITED,Ceramic GREEN CUPS 1CT,PGB132
BUCKEYE'S UNLIMITED,Ceramic YELLOW CUPS 1CT,PYB132
BUCKEYE'S UNLIMITED,Ceramic ORANGE CUPS 1CT,POB132
BUCKEYE'S UNLIMITED,Ceramic PURPLE CUPS 1CT,PPB132
BUCKEYE'S UNLIMITED,Ceramic MULTI-COLOR CUPS 1CT,PMULB132
BUCKEYE'S UNLIMITED,Ceramic BLACK CUPS 1CT,PBLKB132
BUCKEYE'S UNLIMITED,Ceramic CAMO CUPS 1CT,PCAMB132
BUCKEYE'S UNLIMITED,Ceramic TURQOUIS CUPS 1CT,PTB132
BUCKEYE'S UNLIMITED,DEMI CENSUS TRADING AREA,ABB132
BUCKEYE'S UNLIMITED,Crystal Cut GREEN CUPS 1CT,AGB132
BUCKEYE'S UNLIMITED,Crystal Cut YELLOW CUPS 1CT,AYB132
BUCKEYE'S UNLIMITED,Crystal Cut ORANGE CUPS 1CT,AOB132
BUCKEYE'S UNLIMITED,Crystal Cut PURPLE CUPS 1CT,APB132
BUCKEYE'S UNLIMITED,Crystal Cut MULTI-COLOR CUPS 1CT,AMULB132
BUCKEYE'S UNLIMITED,Crystal Cut BLACK CUPS 1CT,ABLKB132
STOP SHOP TRADING LT,Crystal Cut CAMO CUPS 1CT,ACAMB132
STOP SHOP TRADING LT,Crystal Cut TURQOUIS CUPS 1CT,ATB132
STOP SHOP TRADING LT,Paper BLUE CUPS 1CT,PBB132
STOP SHOP TRADING LT,Paper GREEN CUPS 1CT,PGB132
STOP SHOP TRADING LT,Paper YELLOW CUPS 1CT,PYB132
STOP SHOP TRADING LT,Paper ORANGE CUPS 1CT,POB132
STOP SHOP TRADING LT,Paper PURPLE CUPS 1CT,PPB132
STOP SHOP TRADING LT,Paper MULTI-COLOR CUPS 1CT,PMULB132
STOP SHOP TRADING LT,Paper BLACK CUPS 1CT,PBLKB132
STOP SHOP TRADING LT,Paper CAMO CUPS 1CT,PCAMB132
STOP SHOP TRADING LT,Paper TURQOUIS CUPS 1CT,PTB132
STOP SHOP TRADING LT,Ceramic BLUE CUPS 1CT,PBB132
STOP SHOP TRADING LT,Ceramic GREEN CUPS 1CT,PGB132
STOP SHOP TRADING LT,Ceramic YELLOW CUPS 1CT,PYB132
STOP SHOP TRADING LT,Ceramic ORANGE CUPS 1CT,POB132
WARNER'S GROUP TOTAL TRADING,Ceramic PURPLE CUPS 1CT,PPB132
WARNER'S GROUP TOTAL TRADING,Ceramic MULTI-COLOR CUPS 1CT,PMULB132
WARNER'S GROUP TOTAL TRADING,Ceramic BLACK CUPS 1CT,PBLKB132
WARNER'S GROUP TOTAL TRADING,Ceramic CAMO CUPS 1CT,PCAMB132
WARNER'S GROUP TOTAL TRADING,Ceramic TURQOUIS CUPS 1CT,PTB132
JOE'S TOTAL TRADING AREA,DEMI CENSUS TRADING AREA,ABB132
JOE'S TOTAL TRADING AREA,Crystal Cut GREEN CUPS 1CT,AGB132
JOE'S TOTAL TRADING AREA,Crystal Cut YELLOW CUPS 1CT,AYB132
JOE'S TOTAL TRADING AREA,Crystal Cut ORANGE CUPS 1CT,AOB132
JOE'S TOTAL TRADING AREA,Crystal Cut PURPLE CUPS 1CT,APB132
JOE'S TOTAL TRADING AREA,Crystal Cut MULTI-COLOR CUPS 1CT,AMULB132
JOE'S TOTAL TRADING AREA,Crystal Cut BLACK CUPS 1CT,ABLKB132
JOE'S TOTAL TRADING AREA,Crystal Cut CAMO CUPS 1CT,ACAMB132
CHRIS'S CENSUS TRADING AREA,Crystal Cut TURQOUIS CUPS 1CT,ATB132
CHRIS'S CENSUS TRADING AREA,Paper BLUE CUPS 1CT,PBB132
CHRIS'S CENSUS TRADING AREA,Paper GREEN CUPS 1CT,PGB132
CHRIS'S CENSUS TRADING AREA,Paper YELLOW CUPS 1CT,PYB132
CHRIS'S CENSUS TRADING AREA,Paper ORANGE CUPS 1CT,POB132
CHRIS'S CENSUS TRADING AREA,Paper PURPLE CUPS 1CT,PPB132
CHRIS'S CENSUS TRADING AREA,Paper MULTI-COLOR CUPS 1CT,PMULB132
CHRIS'S CENSUS TRADING AREA,Paper BLACK CUPS 1CT,PBLKB132
CHRIS'S CENSUS TRADING AREA,Paper CAMO CUPS 1CT,PCAMB132
CHRIS'S CENSUS TRADING AREA,Paper TURQOUIS CUPS 1CT,PTB132
CHRIS'S CENSUS TRADING AREA,Ceramic BLUE CUPS 1CT,PBB132
BUCKEYE'S UNLIMITED,Ceramic GREEN CUPS 1CT,PGB132
BUCKEYE'S UNLIMITED,Ceramic YELLOW CUPS 1CT,PYB132
BUCKEYE'S UNLIMITED,Ceramic ORANGE CUPS 1CT,POB132
BUCKEYE'S UNLIMITED,Ceramic PURPLE CUPS 1CT,PPB132
BUCKEYE'S UNLIMITED,Ceramic MULTI-COLOR CUPS 1CT,PMULB132
BUCKEYE'S UNLIMITED,Ceramic BLACK CUPS 1CT,PBLKB132
BUCKEYE'S UNLIMITED,Ceramic CAMO CUPS 1CT,PCAMB132
BUCKEYE'S UNLIMITED,Ceramic TURQOUIS CUPS 1CT,PTB132
BUCKEYE'S UNLIMITED,DEMI CENSUS TRADING AREA,ABB132
BUCKEYE'S UNLIMITED,Crystal Cut GREEN CUPS 1CT,AGB132
BUCKEYE'S UNLIMITED,Crystal Cut YELLOW CUPS 1CT,AYB132
BUCKEYE'S UNLIMITED,Crystal Cut ORANGE CUPS 1CT,AOB132
BUCKEYE'S UNLIMITED,Crystal Cut PURPLE CUPS 1CT,APB132
BUCKEYE'S UNLIMITED,Crystal Cut MULTI-COLOR CUPS 1CT,AMULB132
BUCKEYE'S UNLIMITED,Crystal Cut BLACK CUPS 1CT,ABLKB132
STOP SHOP TRADING LT,Crystal Cut CAMO CUPS 1CT,ACAMB132
STOP SHOP TRADING LT,Crystal Cut TURQOUIS CUPS 1CT,ATB132
STOP SHOP TRADING LT,Paper BLUE CUPS 1CT,PBB132
STOP SHOP TRADING LT,Paper GREEN CUPS 1CT,PGB132
STOP SHOP TRADING LT,Paper YELLOW CUPS 1CT,PYB132
STOP SHOP TRADING LT,Paper ORANGE CUPS 1CT,POB132
STOP SHOP TRADING LT,Paper PURPLE CUPS 1CT,PPB132
STOP SHOP TRADING LT,Paper MULTI-COLOR CUPS 1CT,PMULB132
STOP SHOP TRADING LT,Paper BLACK CUPS 1CT,PBLKB132
STOP SHOP TRADING LT,Paper CAMO CUPS 1CT,PCAMB132
STOP SHOP TRADING LT,Paper TURQOUIS CUPS 1CT,PTB132
STOP SHOP TRADING LT,Ceramic BLUE CUPS 1CT,PBB132
STOP SHOP TRADING LT,Ceramic GREEN CUPS 1CT,PGB132
STOP SHOP TRADING LT,Ceramic YELLOW CUPS 1CT,PYB132
STOP SHOP TRADING LT,Ceramic ORANGE CUPS 1CT,POB132
WARNER'S GROUP TOTAL TRADING,Ceramic PURPLE CUPS 1CT,PPB132
WARNER'S GROUP TOTAL TRADING,Ceramic MULTI-COLOR CUPS 1CT,PMULB132
WARNER'S GROUP TOTAL TRADING,Ceramic BLACK CUPS 1CT,PBLKB132
WARNER'S GROUP TOTAL TRADING,Ceramic CAMO CUPS 1CT,PCAMB132
WARNER'S GROUP TOTAL TRADING,Ceramic TURQOUIS CUPS 1CT,PTB132
JOE'S TOTAL TRADING AREA,DEMI CENSUS TRADING AREA,ABB132
JOE'S TOTAL TRADING AREA,Crystal Cut GREEN CUPS 1CT,AGB132
JOE'S TOTAL TRADING AREA,Crystal Cut YELLOW CUPS 1CT,AYB132
JOE'S TOTAL TRADING AREA,Crystal Cut ORANGE CUPS 1CT,AOB132
JOE'S TOTAL TRADING AREA,Crystal Cut PURPLE CUPS 1CT,APB132
JOE'S TOTAL TRADING AREA,Crystal Cut MULTI-COLOR CUPS 1CT,AMULB132
JOE'S TOTAL TRADING AREA,Crystal Cut BLACK CUPS 1CT,ABLKB132
JOE'S TOTAL TRADING AREA,Crystal Cut CAMO CUPS 1CT,ACAMB132
CHRIS'S CENSUS TRADING AREA,Crystal Cut TURQOUIS CUPS 1CT,ATB132
CHRIS'S CENSUS TRADING AREA,Paper BLUE CUPS 1CT,PBB132
CHRIS'S CENSUS TRADING AREA,Paper GREEN CUPS 1CT,PGB132
CHRIS'S CENSUS TRADING AREA,Paper YELLOW CUPS 1CT,PYB132
CHRIS'S CENSUS TRADING AREA,Paper ORANGE CUPS 1CT,POB132
CHRIS'S CENSUS TRADING AREA,Paper PURPLE CUPS 1CT,PPB132
CHRIS'S CENSUS TRADING AREA,Paper MULTI-COLOR CUPS 1CT,PMULB132
CHRIS'S CENSUS TRADING AREA,Paper BLACK CUPS 1CT,PBLKB132
CHRIS'S CENSUS TRADING AREA,Paper CAMO CUPS 1CT,PCAMB132
CHRIS'S CENSUS TRADING AREA,Paper TURQOUIS CUPS 1CT,PTB132
CHRIS'S CENSUS TRADING AREA,Ceramic BLUE CUPS 1CT,PBB132
BUCKEYE'S UNLIMITED,Ceramic GREEN CUPS 1CT,PGB132
BUCKEYE'S UNLIMITED,Ceramic YELLOW CUPS 1CT,PYB132
BUCKEYE'S UNLIMITED,Ceramic ORANGE CUPS 1CT,POB132
BUCKEYE'S UNLIMITED,Ceramic PURPLE CUPS 1CT,PPB132
BUCKEYE'S UNLIMITED,Ceramic MULTI-COLOR CUPS 1CT,PMULB132
BUCKEYE'S UNLIMITED,Ceramic BLACK CUPS 1CT,PBLKB132
BUCKEYE'S UNLIMITED,Ceramic CAMO CUPS 1CT,PCAMB132
BUCKEYE'S UNLIMITED,Ceramic TURQOUIS CUPS 1CT,PTB132
BUCKEYE'S UNLIMITED,DEMI CENSUS TRADING AREA,ABB132
BUCKEYE'S UNLIMITED,Crystal Cut GREEN CUPS 1CT,AGB132
BUCKEYE'S UNLIMITED,Crystal Cut YELLOW CUPS 1CT,AYB132
BUCKEYE'S UNLIMITED,Crystal Cut ORANGE CUPS 1CT,AOB132
BUCKEYE'S UNLIMITED,Crystal Cut PURPLE CUPS 1CT,APB132
BUCKEYE'S UNLIMITED,Crystal Cut MULTI-COLOR CUPS 1CT,AMULB132
BUCKEYE'S UNLIMITED,Crystal Cut BLACK CUPS 1CT,ABLKB132
STOP SHOP TRADING LT,Crystal Cut CAMO CUPS 1CT,ACAMB132
STOP SHOP TRADING LT,Crystal Cut TURQOUIS CUPS 1CT,ATB132
STOP SHOP TRADING LT,Paper BLUE CUPS 1CT,PBB132
STOP SHOP TRADING LT,Paper GREEN CUPS 1CT,PGB132
STOP SHOP TRADING LT,Paper YELLOW CUPS 1CT,PYB132
STOP SHOP TRADING LT,Paper ORANGE CUPS 1CT,POB132
STOP SHOP TRADING LT,Paper PURPLE CUPS 1CT,PPB132
STOP SHOP TRADING LT,Paper MULTI-COLOR CUPS 1CT,PMULB132
STOP SHOP TRADING LT,Paper BLACK CUPS 1CT,PBLKB132
STOP SHOP TRADING LT,Paper CAMO CUPS 1CT,PCAMB132
STOP SHOP TRADING LT,Paper TURQOUIS CUPS 1CT,PTB132
STOP SHOP TRADING LT,Ceramic BLUE CUPS 1CT,PBB132
STOP SHOP TRADING LT,Ceramic GREEN CUPS 1CT,PGB132
STOP SHOP TRADING LT,Ceramic YELLOW CUPS 1CT,PYB132
STOP SHOP TRADING LT,Ceramic ORANGE CUPS 1CT,POB132
WARNER'S GROUP TOTAL TRADING,Ceramic PURPLE CUPS 1CT,PPB132
WARNER'S GROUP TOTAL TRADING,Ceramic MULTI-COLOR CUPS 1CT,PMULB132
WARNER'S GROUP TOTAL TRADING,Ceramic BLACK CUPS 1CT,PBLKB132
WARNER'S GROUP TOTAL TRADING,Ceramic CAMO CUPS 1CT,PCAMB132
WARNER'S GROUP TOTAL TRADING,Ceramic TURQOUIS CUPS 1CT,PTB132
JOE'S TOTAL TRADING AREA,DEMI CENSUS TRADING AREA,ABB132
JOE'S TOTAL TRADING AREA,Crystal Cut GREEN CUPS 1CT,AGB132
JOE'S TOTAL TRADING AREA,Crystal Cut YELLOW CUPS 1CT,AYB132
JOE'S TOTAL TRADING AREA,Crystal Cut ORANGE CUPS 1CT,AOB132
JOE'S TOTAL TRADING AREA,Crystal Cut PURPLE CUPS 1CT,APB132
JOE'S TOTAL TRADING AREA,Crystal Cut MULTI-COLOR CUPS 1CT,AMULB132
JOE'S TOTAL TRADING AREA,Crystal Cut BLACK CUPS 1CT,ABLKB132
JOE'S TOTAL TRADING AREA,Crystal Cut CAMO CUPS 1CT,ACAMB132
CHRIS'S CENSUS TRADING AREA,Crystal Cut TURQOUIS CUPS 1CT,ATB132
CHRIS'S CENSUS TRADING AREA,Paper BLUE CUPS 1CT,PBB132
CHRIS'S CENSUS TRADING AREA,Paper GREEN CUPS 1CT,PGB132
CHRIS'S CENSUS TRADING AREA,Paper YELLOW CUPS 1CT,PYB132
CHRIS'S CENSUS TRADING AREA,Paper ORANGE CUPS 1CT,POB132
CHRIS'S CENSUS TRADING AREA,Paper PURPLE CUPS 1CT,PPB132
CHRIS'S CENSUS TRADING AREA,Paper MULTI-COLOR CUPS 1CT,PMULB132
CHRIS'S CENSUS TRADING AREA,Paper BLACK CUPS 1CT,PBLKB132
CHRIS'S CENSUS TRADING AREA,Paper CAMO CUPS 1CT,PCAMB132
CHRIS'S CENSUS TRADING AREA,Paper TURQOUIS CUPS 1CT,PTB132
CHRIS'S CENSUS TRADING AREA,Ceramic BLUE CUPS 1CT,PBB132
BUCKEYE'S UNLIMITED,Ceramic GREEN CUPS 1CT,PGB132
BUCKEYE'S UNLIMITED,Ceramic YELLOW CUPS 1CT,PYB132
BUCKEYE'S UNLIMITED,Ceramic ORANGE CUPS 1CT,POB132
BUCKEYE'S UNLIMITED,Ceramic PURPLE CUPS 1CT,PPB132
BUCKEYE'S UNLIMITED,Ceramic MULTI-COLOR CUPS 1CT,PMULB132
BUCKEYE'S UNLIMITED,Ceramic BLACK CUPS 1CT,PBLKB132
BUCKEYE'S UNLIMITED,Ceramic CAMO CUPS 1CT,PCAMB132
BUCKEYE'S UNLIMITED,Ceramic TURQOUIS CUPS 1CT,PTB132
BUCKEYE'S UNLIMITED,DEMI CENSUS TRADING AREA,ABB132
BUCKEYE'S UNLIMITED,Crystal Cut GREEN CUPS 1CT,AGB132
BUCKEYE'S UNLIMITED,Crystal Cut YELLOW CUPS 1CT,AYB132
BUCKEYE'S UNLIMITED,Crystal Cut ORANGE CUPS 1CT,AOB132
BUCKEYE'S UNLIMITED,Crystal Cut PURPLE CUPS 1CT,APB132
BUCKEYE'S UNLIMITED,Crystal Cut MULTI-COLOR CUPS 1CT,AMULB132
BUCKEYE'S UNLIMITED,Crystal Cut BLACK CUPS 1CT,ABLKB132
STOP SHOP TRADING LT,Crystal Cut CAMO CUPS 1CT,ACAMB132
STOP SHOP TRADING LT,Crystal Cut TURQOUIS CUPS 1CT,ATB132
STOP SHOP TRADING LT,Paper BLUE CUPS 1CT,PBB132
STOP SHOP TRADING LT,Paper GREEN CUPS 1CT,PGB132
STOP SHOP TRADING LT,Paper YELLOW CUPS 1CT,PYB132
STOP SHOP TRADING LT,Paper ORANGE CUPS 1CT,POB132
STOP SHOP TRADING LT,Paper PURPLE CUPS 1CT,PPB132
STOP SHOP TRADING LT,Paper MULTI-COLOR CUPS 1CT,PMULB132
STOP SHOP TRADING LT,Paper BLACK CUPS 1CT,PBLKB132
STOP SHOP TRADING LT,Paper CAMO CUPS 1CT,PCAMB132
STOP SHOP TRADING LT,Paper TURQOUIS CUPS 1CT,PTB132
STOP SHOP TRADING LT,Ceramic BLUE CUPS 1CT,PBB132
STOP SHOP TRADING LT,Ceramic GREEN CUPS 1CT,PGB132
STOP SHOP TRADING LT,Ceramic YELLOW CUPS 1CT,PYB132
STOP SHOP TRADING LT,Ceramic ORANGE CUPS 1CT,POB132
WARNER'S GROUP TOTAL TRADING,Ceramic PURPLE CUPS 1CT,PPB132
WARNER'S GROUP TOTAL TRADING,Ceramic MULTI-COLOR CUPS 1CT,PMULB132
WARNER'S GROUP TOTAL TRADING,Ceramic BLACK CUPS 1CT,PBLKB132
WARNER'S GROUP TOTAL TRADING,Ceramic CAMO CUPS 1CT,PCAMB132
WARNER'S GROUP TOTAL TRADING,Ceramic TURQOUIS CUPS 1CT,PTB132
JOE'S TOTAL TRADING AREA,DEMI CENSUS TRADING AREA,ABB132
JOE'S TOTAL TRADING AREA,Crystal Cut GREEN CUPS 1CT,AGB132
JOE'S TOTAL TRADING AREA,Crystal Cut YELLOW CUPS 1CT,AYB132
JOE'S TOTAL TRADING AREA,Crystal Cut ORANGE CUPS 1CT,AOB132
JOE'S TOTAL TRADING AREA,Crystal Cut PURPLE CUPS 1CT,APB132
JOE'S TOTAL TRADING AREA,Crystal Cut MULTI-COLOR CUPS 1CT,AMULB132
JOE'S TOTAL TRADING AREA,Crystal Cut BLACK CUPS 1CT,ABLKB132
JOE'S TOTAL TRADING AREA,Crystal Cut CAMO CUPS 1CT,ACAMB132
CHRIS'S CENSUS TRADING AREA,Crystal Cut TURQOUIS CUPS 1CT,ATB132
CHRIS'S CENSUS TRADING AREA,Paper BLUE CUPS 1CT,PBB132
CHRIS'S CENSUS TRADING AREA,Paper GREEN CUPS 1CT,PGB132
CHRIS'S CENSUS TRADING AREA,Paper YELLOW CUPS 1CT,PYB132
CHRIS'S CENSUS TRADING AREA,Paper ORANGE CUPS 1CT,POB132
CHRIS'S CENSUS TRADING AREA,Paper PURPLE CUPS 1CT,PPB132
CHRIS'S CENSUS TRADING AREA,Paper MULTI-COLOR CUPS 1CT,PMULB132
CHRIS'S CENSUS TRADING AREA,Paper BLACK CUPS 1CT,PBLKB132
CHRIS'S CENSUS TRADING AREA,Paper CAMO CUPS 1CT,PCAMB132
CHRIS'S CENSUS TRADING AREA,Paper TURQOUIS CUPS 1CT,PTB132
CHRIS'S CENSUS TRADING AREA,Ceramic BLUE CUPS 1CT,PBB132
BUCKEYE'S UNLIMITED,Ceramic GREEN CUPS 1CT,PGB132
BUCKEYE'S UNLIMITED,Ceramic YELLOW CUPS 1CT,PYB132
BUCKEYE'S UNLIMITED,Ceramic ORANGE CUPS 1CT,POB132
BUCKEYE'S UNLIMITED,Ceramic PURPLE CUPS 1CT,PPB132
BUCKEYE'S UNLIMITED,Ceramic MULTI-COLOR CUPS 1CT,PMULB132
BUCKEYE'S UNLIMITED,Ceramic BLACK CUPS 1CT,PBLKB132
BUCKEYE'S UNLIMITED,Ceramic CAMO CUPS 1CT,PCAMB132
BUCKEYE'S UNLIMITED,Ceramic TURQOUIS CUPS 1CT,PTB132
BUCKEYE'S UNLIMITED,DEMI CENSUS TRADING AREA,ABB132
BUCKEYE'S UNLIMITED,Crystal Cut GREEN CUPS 1CT,AGB132
BUCKEYE'S UNLIMITED,Crystal Cut YELLOW CUPS 1CT,AYB132
BUCKEYE'S UNLIMITED,Crystal Cut ORANGE CUPS 1CT,AOB132
BUCKEYE'S UNLIMITED,Crystal Cut PURPLE CUPS 1CT,APB132
BUCKEYE'S UNLIMITED,Crystal Cut MULTI-COLOR CUPS 1CT,AMULB132
BUCKEYE'S UNLIMITED,Crystal Cut BLACK CUPS 1CT,ABLKB132
STOP SHOP TRADING LT,Crystal Cut CAMO CUPS 1CT,ACAMB132
STOP SHOP TRADING LT,Crystal Cut TURQOUIS CUPS 1CT,ATB132
STOP SHOP TRADING LT,Paper BLUE CUPS 1CT,PBB132
STOP SHOP TRADING LT,Paper GREEN CUPS 1CT,PGB132
STOP SHOP TRADING LT,Paper YELLOW CUPS 1CT,PYB132
STOP SHOP TRADING LT,Paper ORANGE CUPS 1CT,POB132
STOP SHOP TRADING LT,Paper PURPLE CUPS 1CT,PPB132
STOP SHOP TRADING LT,Paper MULTI-COLOR CUPS 1CT,PMULB132
STOP SHOP TRADING LT,Paper BLACK CUPS 1CT,PBLKB132
STOP SHOP TRADING LT,Paper CAMO CUPS 1CT,PCAMB132
STOP SHOP TRADING LT,Paper TURQOUIS CUPS 1CT,PTB132
STOP SHOP TRADING LT,Ceramic BLUE CUPS 1CT,PBB132
STOP SHOP TRADING LT,Ceramic GREEN CUPS 1CT,PGB132
STOP SHOP TRADING LT,Ceramic YELLOW CUPS 1CT,PYB132
STOP SHOP TRADING LT,Ceramic ORANGE CUPS 1CT,POB132
WARNER'S GROUP TOTAL TRADING,Ceramic PURPLE CUPS 1CT,PPB132
WARNER'S GROUP TOTAL TRADING,Ceramic MULTI-COLOR CUPS 1CT,PMULB132
WARNER'S GROUP TOTAL TRADING,Ceramic BLACK CUPS 1CT,PBLKB132
WARNER'S GROUP TOTAL TRADING,Ceramic CAMO CUPS 1CT,PCAMB132
WARNER'S GROUP TOTAL TRADING,Ceramic TURQOUIS CUPS 1CT,PTB132
JOE'S TOTAL TRADING AREA,DEMI CENSUS TRADING AREA,ABB132
JOE'S TOTAL TRADING AREA,Crystal Cut GREEN CUPS 1CT,AGB132
JOE'S TOTAL TRADING AREA,Crystal Cut YELLOW CUPS 1CT,AYB132
JOE'S TOTAL TRADING AREA,Crystal Cut ORANGE CUPS 1CT,AOB132
JOE'S TOTAL TRADING AREA,Crystal Cut PURPLE CUPS 1CT,APB132
JOE'S TOTAL TRADING AREA,Crystal Cut MULTI-COLOR CUPS 1CT,AMULB132
JOE'S TOTAL TRADING AREA,Crystal Cut BLACK CUPS 1CT,ABLKB132
JOE'S TOTAL TRADING AREA,Crystal Cut CAMO CUPS 1CT,ACAMB132
CHRIS'S CENSUS TRADING AREA,Crystal Cut TURQOUIS CUPS 1CT,ATB132
CHRIS'S CENSUS TRADING AREA,Paper BLUE CUPS 1CT,PBB132
CHRIS'S CENSUS TRADING AREA,Paper GREEN CUPS 1CT,PGB132
CHRIS'S CENSUS TRADING AREA,Paper YELLOW CUPS 1CT,PYB132
CHRIS'S CENSUS TRADING AREA,Paper ORANGE CUPS 1CT,POB132
CHRIS'S CENSUS TRADING AREA,Paper PURPLE CUPS 1CT,PPB132
CHRIS'S CENSUS TRADING AREA,Paper MULTI-COLOR CUPS 1CT,PMULB132
CHRIS'S CENSUS TRADING AREA,Paper BLACK CUPS 1CT,PBLKB132
CHRIS'S CENSUS TRADING AREA,Paper CAMO CUPS 1CT,PCAMB132
CHRIS'S CENSUS TRADING AREA,Paper TURQOUIS CUPS 1CT,PTB132
CHRIS'S CENSUS TRADING AREA,Ceramic BLUE CUPS 1CT,PBB132
BUCKEYE'S UNLIMITED,Ceramic GREEN CUPS 1CT,PGB132
BUCKEYE'S UNLIMITED,Ceramic YELLOW CUPS 1CT,PYB132
BUCKEYE'S UNLIMITED,Ceramic ORANGE CUPS 1CT,POB132
BUCKEYE'S UNLIMITED,Ceramic PURPLE CUPS 1CT,PPB132
BUCKEYE'S UNLIMITED,Ceramic MULTI-COLOR CUPS 1CT,PMULB132
BUCKEYE'S UNLIMITED,Ceramic BLACK CUPS 1CT,PBLKB132
BUCKEYE'S UNLIMITED,Ceramic CAMO CUPS 1CT,PCAMB132
BUCKEYE'S UNLIMITED,Ceramic TURQOUIS CUPS 1CT,PTB132
BUCKEYE'S UNLIMITED,DEMI CENSUS TRADING AREA,ABB132
BUCKEYE'S UNLIMITED,Crystal Cut GREEN CUPS 1CT,AGB132
BUCKEYE'S UNLIMITED,Crystal Cut YELLOW CUPS 1CT,AYB132
BUCKEYE'S UNLIMITED,Crystal Cut ORANGE CUPS 1CT,AOB132
BUCKEYE'S UNLIMITED,Crystal Cut PURPLE CUPS 1CT,APB132
BUCKEYE'S UNLIMITED,Crystal Cut MULTI-COLOR CUPS 1CT,AMULB132
BUCKEYE'S UNLIMITED,Crystal Cut BLACK CUPS 1CT,ABLKB132
STOP SHOP TRADING LT,Crystal Cut CAMO CUPS 1CT,ACAMB132
STOP SHOP TRADING LT,Crystal Cut TURQOUIS CUPS 1CT,ATB132
STOP SHOP TRADING LT,Paper BLUE CUPS 1CT,PBB132
STOP SHOP TRADING LT,Paper GREEN CUPS 1CT,PGB132
STOP SHOP TRADING LT,Paper YELLOW CUPS 1CT,PYB132
STOP SHOP TRADING LT,Paper ORANGE CUPS 1CT,POB132
STOP SHOP TRADING LT,Paper PURPLE CUPS 1CT,PPB132
STOP SHOP TRADING LT,Paper MULTI-COLOR CUPS 1CT,PMULB132
STOP SHOP TRADING LT,Paper BLACK CUPS 1CT,PBLKB132
STOP SHOP TRADING LT,Paper CAMO CUPS 1CT,PCAMB132
STOP SHOP TRADING LT,Paper TURQOUIS CUPS 1CT,PTB132
STOP SHOP TRADING LT,Ceramic BLUE CUPS 1CT,PBB132
STOP SHOP TRADING LT,Ceramic GREEN CUPS 1CT,PGB132
STOP SHOP TRADING LT,Ceramic YELLOW CUPS 1CT,PYB132
STOP SHOP TRADING LT,Ceramic ORANGE CUPS 1CT,POB132
WARNER'S GROUP TOTAL TRADING,Ceramic PURPLE CUPS 1CT,PPB132
WARNER'S GROUP TOTAL TRADING,Ceramic MULTI-COLOR CUPS 1CT,PMULB132
WARNER'S GROUP TOTAL TRADING,Ceramic BLACK CUPS 1CT,PBLKB132
WARNER'S GROUP TOTAL TRADING,Ceramic CAMO CUPS 1CT,PCAMB132
WARNER'S GROUP TOTAL TRADING,Ceramic TURQOUIS CUPS 1CT,PTB132
JOE'S TOTAL TRADING AREA,DEMI CENSUS TRADING AREA,ABB132
JOE'S TOTAL TRADING AREA,Crystal Cut GREEN CUPS 1CT,AGB132
JOE'S TOTAL TRADING AREA,Crystal Cut YELLOW CUPS 1CT,AYB132
JOE'S TOTAL TRADING AREA,Crystal Cut ORANGE CUPS 1CT,AOB132
JOE'S TOTAL TRADING AREA,Crystal Cut PURPLE CUPS 1CT,APB132
JOE'S TOTAL TRADING AREA,Crystal Cut MULTI-COLOR CUPS 1CT,AMULB132
JOE'S TOTAL TRADING AREA,Crystal Cut BLACK CUPS 1CT,ABLKB132
JOE'S TOTAL TRADING AREA,Crystal Cut CAMO CUPS 1CT,ACAMB132
CHRIS'S CENSUS TRADING AREA,Crystal Cut TURQOUIS CUPS 1CT,ATB132
CHRIS'S CENSUS TRADING AREA,Paper BLUE CUPS 1CT,PBB132
CHRIS'S CENSUS TRADING AREA,Paper GREEN CUPS 1CT,PGB132
CHRIS'S CENSUS TRADING AREA,Paper YELLOW CUPS 1CT,PYB132
CHRIS'S CENSUS TRADING AREA,Paper ORANGE CUPS 1CT,POB132
CHRIS'S CENSUS TRADING AREA,Paper PURPLE CUPS 1CT,PPB132
CHRIS'S CENSUS TRADING AREA,Paper MULTI-COLOR CUPS 1CT,PMULB132
CHRIS'S CENSUS TRADING AREA,Paper BLACK CUPS 1CT,PBLKB132
CHRIS'S CENSUS TRADING AREA,Paper CAMO CUPS 1CT,PCAMB132
CHRIS'S CENSUS TRADING AREA,Paper TURQOUIS CUPS 1CT,PTB132
CHRIS'S CENSUS TRADING AREA,Ceramic BLUE CUPS 1CT,PBB132
BUCKEYE'S UNLIMITED,Ceramic GREEN CUPS 1CT,PGB132
BUCKEYE'S UNLIMITED,Ceramic YELLOW CUPS 1CT,PYB132
BUCKEYE'S UNLIMITED,Ceramic ORANGE CUPS 1CT,POB132
BUCKEYE'S UNLIMITED,Ceramic PURPLE CUPS 1CT,PPB132
BUCKEYE'S UNLIMITED,Ceramic MULTI-COLOR CUPS 1CT,PMULB132
BUCKEYE'S UNLIMITED,Ceramic BLACK CUPS 1CT,PBLKB132
BUCKEYE'S UNLIMITED,Ceramic CAMO CUPS 1CT,PCAMB132
BUCKEYE'S UNLIMITED,Ceramic TURQOUIS CUPS 1CT,PTB132
BUCKEYE'S UNLIMITED,DEMI CENSUS TRADING AREA,ABB132
BUCKEYE'S UNLIMITED,Crystal Cut GREEN CUPS 1CT,AGB132
BUCKEYE'S UNLIMITED,Crystal Cut YELLOW CUPS 1CT,AYB132
BUCKEYE'S UNLIMITED,Crystal Cut ORANGE CUPS 1CT,AOB132
BUCKEYE'S UNLIMITED,Crystal Cut PURPLE CUPS 1CT,APB132
BUCKEYE'S UNLIMITED,Crystal Cut MULTI-COLOR CUPS 1CT,AMULB132
BUCKEYE'S UNLIMITED,Crystal Cut BLACK CUPS 1CT,ABLKB132
STOP SHOP TRADING LT,Crystal Cut CAMO CUPS 1CT,ACAMB132
STOP SHOP TRADING LT,Crystal Cut TURQOUIS CUPS 1CT,ATB132
STOP SHOP TRADING LT,Paper BLUE CUPS 1CT,PBB132
STOP SHOP TRADING LT,Paper GREEN CUPS 1CT,PGB132
STOP SHOP TRADING LT,Paper YELLOW CUPS 1CT,PYB132
STOP SHOP TRADING LT,Paper ORANGE CUPS 1CT,POB132
STOP SHOP TRADING LT,Paper PURPLE CUPS 1CT,PPB132
STOP SHOP TRADING LT,Paper MULTI-COLOR CUPS 1CT,PMULB132
STOP SHOP TRADING LT,Paper BLACK CUPS 1CT,PBLKB132
STOP SHOP TRADING LT,Paper CAMO CUPS 1CT,PCAMB132
STOP SHOP TRADING LT,Paper TURQOUIS CUPS 1CT,PTB132
STOP SHOP TRADING LT,Ceramic BLUE CUPS 1CT,PBB132
STOP SHOP TRADING LT,Ceramic GREEN CUPS 1CT,PGB132
STOP SHOP TRADING LT,Ceramic YELLOW CUPS 1CT,PYB132
STOP SHOP TRADING LT,Ceramic ORANGE CUPS 1CT,POB132
WARNER'S GROUP TOTAL TRADING,Ceramic PURPLE CUPS 1CT,PPB132
WARNER'S GROUP TOTAL TRADING,Ceramic MULTI-COLOR CUPS 1CT,PMULB132
WARNER'S GROUP TOTAL TRADING,Ceramic BLACK CUPS 1CT,PBLKB132
WARNER'S GROUP TOTAL TRADING,Ceramic CAMO CUPS 1CT,PCAMB132
WARNER'S GROUP TOTAL TRADING,Ceramic TURQOUIS CUPS 1CT,PTB132
JOE'S TOTAL TRADING AREA,DEMI CENSUS TRADING AREA,ABB132
JOE'S TOTAL TRADING AREA,Crystal Cut GREEN CUPS 1CT,AGB132
JOE'S TOTAL TRADING AREA,Crystal Cut YELLOW CUPS 1CT,AYB132
JOE'S TOTAL TRADING AREA,Crystal Cut ORANGE CUPS 1CT,AOB132
JOE'S TOTAL TRADING AREA,Crystal Cut PURPLE CUPS 1CT,APB132
JOE'S TOTAL TRADING AREA,Crystal Cut MULTI-COLOR CUPS 1CT,AMULB132
JOE'S TOTAL TRADING AREA,Crystal Cut BLACK CUPS 1CT,ABLKB132
JOE'S TOTAL TRADING AREA,Crystal Cut CAMO CUPS 1CT,ACAMB132
CHRIS'S CENSUS TRADING AREA,Crystal Cut TURQOUIS CUPS 1CT,ATB132
CHRIS'S CENSUS TRADING AREA,Paper BLUE CUPS 1CT,PBB132
CHRIS'S CENSUS TRADING AREA,Paper GREEN CUPS 1CT,PGB132
CHRIS'S CENSUS TRADING AREA,Paper YELLOW CUPS 1CT,PYB132
CHRIS'S CENSUS TRADING AREA,Paper ORANGE CUPS 1CT,POB132
CHRIS'S CENSUS TRADING AREA,Paper PURPLE CUPS 1CT,PPB132
CHRIS'S CENSUS TRADING AREA,Paper MULTI-COLOR CUPS 1CT,PMULB132
CHRIS'S CENSUS TRADING AREA,Paper BLACK CUPS 1CT,PBLKB132
CHRIS'S CENSUS TRADING AREA,Paper CAMO CUPS 1CT,PCAMB132
CHRIS'S CENSUS TRADING AREA,Paper TURQOUIS CUPS 1CT,PTB132
CHRIS'S CENSUS TRADING AREA,Ceramic BLUE CUPS 1CT,PBB132
BUCKEYE'S UNLIMITED,Ceramic GREEN CUPS 1CT,PGB132
BUCKEYE'S UNLIMITED,Ceramic YELLOW CUPS 1CT,PYB132
BUCKEYE'S UNLIMITED,Ceramic ORANGE CUPS 1CT,POB132
BUCKEYE'S UNLIMITED,Ceramic PURPLE CUPS 1CT,PPB132
BUCKEYE'S UNLIMITED,Ceramic MULTI-COLOR CUPS 1CT,PMULB132
BUCKEYE'S UNLIMITED,Ceramic BLACK CUPS 1CT,PBLKB132
BUCKEYE'S UNLIMITED,Ceramic CAMO CUPS 1CT,PCAMB132
BUCKEYE'S UNLIMITED,Ceramic TURQOUIS CUPS 1CT,PTB132
BUCKEYE'S UNLIMITED,DEMI CENSUS TRADING AREA,ABB132
BUCKEYE'S UNLIMITED,Crystal Cut GREEN CUPS 1CT,AGB132
BUCKEYE'S UNLIMITED,Crystal Cut YELLOW CUPS 1CT,AYB132
BUCKEYE'S UNLIMITED,Crystal Cut ORANGE CUPS 1CT,AOB132
BUCKEYE'S UNLIMITED,Crystal Cut PURPLE CUPS 1CT,APB132
BUCKEYE'S UNLIMITED,Crystal Cut MULTI-COLOR CUPS 1CT,AMULB132
BUCKEYE'S UNLIMITED,Crystal Cut BLACK CUPS 1CT,ABLKB132
STOP SHOP TRADING LT,Crystal Cut CAMO CUPS 1CT,ACAMB132
STOP SHOP TRADING LT,Crystal Cut TURQOUIS CUPS 1CT,ATB132
STOP SHOP TRADING LT,Paper BLUE CUPS 1CT,PBB132
STOP SHOP TRADING LT,Paper GREEN CUPS 1CT,PGB132
STOP SHOP TRADING LT,Paper YELLOW CUPS 1CT,PYB132
STOP SHOP TRADING LT,Paper ORANGE CUPS 1CT,POB132
STOP SHOP TRADING LT,Paper PURPLE CUPS 1CT,PPB132
STOP SHOP TRADING LT,Paper MULTI-COLOR CUPS 1CT,PMULB132
STOP SHOP TRADING LT,Paper BLACK CUPS 1CT,PBLKB132
STOP SHOP TRADING LT,Paper CAMO CUPS 1CT,PCAMB132
STOP SHOP TRADING LT,Paper TURQOUIS CUPS 1CT,PTB132
STOP SHOP TRADING LT,Ceramic BLUE CUPS 1CT,PBB132
STOP SHOP TRADING LT,Ceramic GREEN CUPS 1CT,PGB132
STOP SHOP TRADING LT,Ceramic YELLOW CUPS 1CT,PYB132
STOP SHOP TRADING LT,Ceramic ORANGE CUPS 1CT,POB132
WARNER'S GROUP TOTAL TRADING,Ceramic PURPLE CUPS 1CT,PPB132
WARNER'S GROUP TOTAL TRADING,Ceramic MULTI-COLOR CUPS 1CT,PMULB132
WARNER'S GROUP TOTAL TRADING,Ceramic BLACK CUPS 1CT,PBLKB132
WARNER'S GROUP TOTAL TRADING,Ceramic CAMO CUPS 1CT,PCAMB132
WARNER'S GROUP TOTAL TRADING,Ceramic TURQOUIS CUPS 1CT,PTB132
JOE'S TOTAL TRADING AREA,DEMI CENSUS TRADING AREA,ABB132
JOE'S TOTAL TRADING AREA,Crystal Cut GREEN CUPS 1CT,AGB132
JOE'S TOTAL TRADING AREA,Crystal Cut YELLOW CUPS 1CT,AYB132
JOE'S TOTAL TRADING AREA,Crystal Cut ORANGE CUPS 1CT,AOB132
JOE'S TOTAL TRADING AREA,Crystal Cut PURPLE CUPS 1CT,APB132
JOE'S TOTAL TRADING AREA,Crystal Cut MULTI-COLOR CUPS 1CT,AMULB132
JOE'S TOTAL TRADING AREA,Crystal Cut BLACK CUPS 1CT,ABLKB132
JOE'S TOTAL TRADING AREA,Crystal Cut CAMO CUPS 1CT,ACAMB132
CHRIS'S CENSUS TRADING AREA,Crystal Cut TURQOUIS CUPS 1CT,ATB132
CHRIS'S CENSUS TRADING AREA,Paper BLUE CUPS 1CT,PBB132
CHRIS'S CENSUS TRADING AREA,Paper GREEN CUPS 1CT,PGB132
CHRIS'S CENSUS TRADING AREA,Paper YELLOW CUPS 1CT,PYB132
CHRIS'S CENSUS TRADING AREA,Paper ORANGE CUPS 1CT,POB132
CHRIS'S CENSUS TRADING AREA,Paper PURPLE CUPS 1CT,PPB132
CHRIS'S CENSUS TRADING AREA,Paper MULTI-COLOR CUPS 1CT,PMULB132
CHRIS'S CENSUS TRADING AREA,Paper BLACK CUPS 1CT,PBLKB132
CHRIS'S CENSUS TRADING AREA,Paper CAMO CUPS 1CT,PCAMB132
CHRIS'S CENSUS TRADING AREA,Paper TURQOUIS CUPS 1CT,PTB132
CHRIS'S CENSUS TRADING AREA,Ceramic BLUE CUPS 1CT,PBB132
BUCKEYE'S UNLIMITED,Ceramic GREEN CUPS 1CT,PGB132
BUCKEYE'S UNLIMITED,Ceramic YELLOW CUPS 1CT,PYB132
BUCKEYE'S UNLIMITED,Ceramic ORANGE CUPS 1CT,POB132
BUCKEYE'S UNLIMITED,Ceramic PURPLE CUPS 1CT,PPB132
BUCKEYE'S UNLIMITED,Ceramic MULTI-COLOR CUPS 1CT,PMULB132
BUCKEYE'S UNLIMITED,Ceramic BLACK CUPS 1CT,PBLKB132
BUCKEYE'S UNLIMITED,Ceramic CAMO CUPS 1CT,PCAMB132
BUCKEYE'S UNLIMITED,Ceramic TURQOUIS CUPS 1CT,PTB132
BUCKEYE'S UNLIMITED,DEMI CENSUS TRADING AREA,ABB132
BUCKEYE'S UNLIMITED,Crystal Cut GREEN CUPS 1CT,AGB132
BUCKEYE'S UNLIMITED,Crystal Cut YELLOW CUPS 1CT,AYB132
BUCKEYE'S UNLIMITED,Crystal Cut ORANGE CUPS 1CT,AOB132
BUCKEYE'S UNLIMITED,Crystal Cut PURPLE CUPS 1CT,APB132
BUCKEYE'S UNLIMITED,Crystal Cut MULTI-COLOR CUPS 1CT,AMULB132
BUCKEYE'S UNLIMITED,Crystal Cut BLACK CUPS 1CT,ABLKB132
STOP SHOP TRADING LT,Crystal Cut CAMO CUPS 1CT,ACAMB132
STOP SHOP TRADING LT,Crystal Cut TURQOUIS CUPS 1CT,ATB132
STOP SHOP TRADING LT,Paper BLUE CUPS 1CT,PBB132
STOP SHOP TRADING LT,Paper GREEN CUPS 1CT,PGB132
STOP SHOP TRADING LT,Paper YELLOW CUPS 1CT,PYB132
STOP SHOP TRADING LT,Paper ORANGE CUPS 1CT,POB132
STOP SHOP TRADING LT,Paper PURPLE CUPS 1CT,PPB132
STOP SHOP TRADING LT,Paper MULTI-COLOR CUPS 1CT,PMULB132
STOP SHOP TRADING LT,Paper BLACK CUPS 1CT,PBLKB132
STOP SHOP TRADING LT,Paper CAMO CUPS 1CT,PCAMB132
STOP SHOP TRADING LT,Paper TURQOUIS CUPS 1CT,PTB132
STOP SHOP TRADING LT,Ceramic BLUE CUPS 1CT,PBB132
STOP SHOP TRADING LT,Ceramic GREEN CUPS 1CT,PGB132
STOP SHOP TRADING LT,Ceramic YELLOW CUPS 1CT,PYB132
STOP SHOP TRADING LT,Ceramic ORANGE CUPS 1CT,POB132
WARNER'S GROUP TOTAL TRADING,Ceramic PURPLE CUPS 1CT,PPB132
WARNER'S GROUP TOTAL TRADING,Ceramic MULTI-COLOR CUPS 1CT,PMULB132
WARNER'S GROUP TOTAL TRADING,Ceramic BLACK CUPS 1CT,PBLKB132
WARNER'S GROUP TOTAL TRADING,Ceramic CAMO CUPS 1CT,PCAMB132
WARNER'S GROUP TOTAL TRADING,Ceramic TURQOUIS CUPS 1CT,PTB132
JOE'S TOTAL TRADING AREA,DEMI CENSUS TRADING AREA,ABB132
JOE'S TOTAL TRADING AREA,Crystal Cut GREEN CUPS 1CT,AGB132
JOE'S TOTAL TRADING AREA,Crystal Cut YELLOW CUPS 1CT,AYB132
JOE'S TOTAL TRADING AREA,Crystal Cut ORANGE CUPS 1CT,AOB132
JOE'S TOTAL TRADING AREA,Crystal Cut PURPLE CUPS 1CT,APB132
JOE'S TOTAL TRADING AREA,Crystal Cut MULTI-COLOR CUPS 1CT,AMULB132
JOE'S TOTAL TRADING AREA,Crystal Cut BLACK CUPS 1CT,ABLKB132
JOE'S TOTAL TRADING AREA,Crystal Cut CAMO CUPS 1CT,ACAMB132
CHRIS'S CENSUS TRADING AREA,Crystal Cut TURQOUIS CUPS 1CT,ATB132
CHRIS'S CENSUS TRADING AREA,Paper BLUE CUPS 1CT,PBB132
CHRIS'S CENSUS TRADING AREA,Paper GREEN CUPS 1CT,PGB132
CHRIS'S CENSUS TRADING AREA,Paper YELLOW CUPS 1CT,PYB132
CHRIS'S CENSUS TRADING AREA,Paper ORANGE CUPS 1CT,POB132
CHRIS'S CENSUS TRADING AREA,Paper PURPLE CUPS 1CT,PPB132
CHRIS'S CENSUS TRADING AREA,Paper MULTI-COLOR CUPS 1CT,PMULB132
CHRIS'S CENSUS TRADING AREA,Paper BLACK CUPS 1CT,PBLKB132
CHRIS'S CENSUS TRADING AREA,Paper CAMO CUPS 1CT,PCAMB132
CHRIS'S CENSUS TRADING AREA,Paper TURQOUIS CUPS 1CT,PTB132
CHRIS'S CENSUS TRADING AREA,Ceramic BLUE CUPS 1CT,PBB132
BUCKEYE'S UNLIMITED,Ceramic GREEN CUPS 1CT,PGB132
BUCKEYE'S UNLIMITED,Ceramic YELLOW CUPS 1CT,PYB132
BUCKEYE'S UNLIMITED,Ceramic ORANGE CUPS 1CT,POB132
BUCKEYE'S UNLIMITED,Ceramic PURPLE CUPS 1CT,PPB132
BUCKEYE'S UNLIMITED,Ceramic MULTI-COLOR CUPS 1CT,PMULB132
BUCKEYE'S UNLIMITED,Ceramic BLACK CUPS 1CT,PBLKB132
BUCKEYE'S UNLIMITED,Ceramic CAMO CUPS 1CT,PCAMB132
BUCKEYE'S UNLIMITED,Ceramic TURQOUIS CUPS 1CT,PTB132
BUCKEYE'S UNLIMITED,DEMI CENSUS TRADING AREA,ABB132
BUCKEYE'S UNLIMITED,Crystal Cut GREEN CUPS 1CT,AGB132
BUCKEYE'S UNLIMITED,Crystal Cut YELLOW CUPS 1CT,AYB132
BUCKEYE'S UNLIMITED,Crystal Cut ORANGE CUPS 1CT,AOB132
BUCKEYE'S UNLIMITED,Crystal Cut PURPLE CUPS 1CT,APB132
BUCKEYE'S UNLIMITED,Crystal Cut MULTI-COLOR CUPS 1CT,AMULB132
BUCKEYE'S UNLIMITED,Crystal Cut BLACK CUPS 1CT,ABLKB132
STOP SHOP TRADING LT,Crystal Cut CAMO CUPS 1CT,ACAMB132
STOP SHOP TRADING LT,Crystal Cut TURQOUIS CUPS 1CT,ATB132
STOP SHOP TRADING LT,Paper BLUE CUPS 1CT,PBB132
STOP SHOP TRADING LT,Paper GREEN CUPS 1CT,PGB132
STOP SHOP TRADING LT,Paper YELLOW CUPS 1CT,PYB132
STOP SHOP TRADING LT,Paper ORANGE CUPS 1CT,POB132
STOP SHOP TRADING LT,Paper PURPLE CUPS 1CT,PPB132
STOP SHOP TRADING LT,Paper MULTI-COLOR CUPS 1CT,PMULB132
STOP SHOP TRADING LT,Paper BLACK CUPS 1CT,PBLKB132
STOP SHOP TRADING LT,Paper CAMO CUPS 1CT,PCAMB132
STOP SHOP TRADING LT,Paper TURQOUIS CUPS 1CT,PTB132
STOP SHOP TRADING LT,Ceramic BLUE CUPS 1CT,PBB132
STOP SHOP TRADING LT,Ceramic GREEN CUPS 1CT,PGB132
STOP SHOP TRADING LT,Ceramic YELLOW CUPS 1CT,PYB132
STOP SHOP TRADING LT,Ceramic ORANGE CUPS 1CT,POB132
WARNER'S GROUP TOTAL TRADING,Ceramic PURPLE CUPS 1CT,PPB132
WARNER'S GROUP TOTAL TRADING,Ceramic MULTI-COLOR CUPS 1CT,PMULB132
WARNER'S GROUP TOTAL TRADING,Ceramic BLACK CUPS 1CT,PBLKB132
WARNER'S GROUP TOTAL TRADING,Ceramic CAMO CUPS 1CT,PCAMB132
WARNER'S GROUP TOTAL TRADING,Ceramic TURQOUIS CUPS 1CT,PTB132