name,practical_code
JOE'S,ABB132
JOE'S,AGB132
JOE'S,AYB132
JOE'S,AOB132
JOE'S,APB132
JOE'S,AMULB132
JOE'S,ABLKB132
JOE'S,ACAMB132
CHRIS'S,ATB132
CHRIS'S,PBB132
CHRIS'S,PGB132
CHRIS'S,PYB132
CHRIS'S,POB132
CHRIS'S,PPB132
CHRIS'S,PMULB132
CHRIS'S,PBLKB132
CHRIS'S,PCAMB132
CHRIS'S,PTB132
CHRIS'S,PBB132
BUCKEYE'S,PGB132
BUCKEYE'S,PYB132
BUCKEYE'S,POB132
BUCKEYE'S,PPB132
BUCKEYE'S,PMULB132
BUCKEYE'S,PBLKB132
BUCKEYE'S,PCAMB132
BUCKEYE'S,PTB132
BUCKEYE'S,ABB132
BUCKEYE'S,AGB132
BUCKEYE'S,AYB132
BUCKEYE'S,AOB132
BUCKEYE'S,APB132
BUCKEYE'S,AMULB132
BUCKEYE'S,ABLKB132
STOP SHOP,ACAMB132
STOP SHOP,ATB132
STOP SHOP,PBB132
STOP SHOP,PGB132
STOP SHOP,PYB132
STOP SHOP,POB132
STOP SHOP,PPB132
STOP SHOP,PMULB132
STOP SHOP,PBLKB132
STOP SHOP,PCAMB132
STOP SHOP,PTB132
STOP SHOP,PBB132
STOP SHOP,PGB132
STOP SHOP,PYB132
STOP SHOP,POB132
WARNER'S,PPB132
WARNER'S,PMULB132
WARNER'S,PBLKB132
WARNER'S,PCAMB132
WARNER'S,PTB132
JOE'S,ABB132
JOE'S,AGB132
JOE'S,AYB132
JOE'S,AOB132
JOE'S,APB132
JOE'S,AMULB132
JOE'S,ABLKB132
JOE'S,ACAMB132
CHRIS'S,ATB132
CHRIS'S,PBB132
CHRIS'S,PGB132
CHRIS'S,PYB132
CHRIS'S,POB132
CHRIS'S,PPB132
CHRIS'S,PMULB132
CHRIS'S,PBLKB132
CHRIS'S,PCAMB132
CHRIS'S,PTB132
CHRIS'S,PBB132
BUCKEYE'S,PGB132
BUCKEYE'S,PYB132
BUCKEYE'S,POB132
BUCKEYE'S,PPB132
BUCKEYE'S,PMULB132
BUCKEYE'S,PBLKB132
BUCKEYE'S,PCAMB132
BUCKEYE'S,PTB132
BUCKEYE'S,ABB132
BUCKEYE'S,AGB132
BUCKEYE'S,AYB132
BUCKEYE'S,AOB132
BUCKEYE'S,APB132
BUCKEYE'S,AMULB132
BUCKEYE'S,ABLKB132
STOP SHOP,ACAMB132
STOP SHOP,ATB132
STOP SHOP,PBB132
STOP SHOP,PGB132
STOP SHOP,PYB132
STOP SHOP,POB132
STOP SHOP,PPB132
STOP SHOP,PMULB132
STOP SHOP,PBLKB132
STOP SHOP,PCAMB132
STOP SHOP,PTB132
STOP SHOP,PBB132
STOP SHOP,PGB132
STOP SHOP,PYB132
STOP SHOP,POB132
WARNER'S,PPB132
WARNER'S,PMULB132
WARNER'S,PBLKB132
WARNER'S,PCAMB132
WARNER'S,PTB132
JOE'S,ABB132
JOE'S,AGB132
JOE'S,AYB132
JOE'S,AOB132
JOE'S,APB132
JOE'S,AMULB132
JOE'S,ABLKB132
JOE'S,ACAMB132
CHRIS'S,ATB132
CHRIS'S,PBB132
CHRIS'S,PGB132
CHRIS'S,PYB132
CHRIS'S,POB132
CHRIS'S,PPB132
CHRIS'S,PMULB132
CHRIS'S,PBLKB132
CHRIS'S,PCAMB132
CHRIS'S,PTB132
CHRIS'S,PBB132
BUCKEYE'S,PGB132
BUCKEYE'S,PYB132
BUCKEYE'S,POB132
BUCKEYE'S,PPB132
BUCKEYE'S,PMULB132
BUCKEYE'S,PBLKB132
BUCKEYE'S,PCAMB132
BUCKEYE'S,PTB132
BUCKEYE'S,ABB132
BUCKEYE'S,AGB132
BUCKEYE'S,AYB132
BUCKEYE'S,AOB132
BUCKEYE'S,APB132
BUCKEYE'S,AMULB132
BUCKEYE'S,ABLKB132
STOP SHOP,ACAMB132
STOP SHOP,ATB132
STOP SHOP,PBB132
STOP SHOP,PGB132
STOP SHOP,PYB132
STOP SHOP,POB132
STOP SHOP,PPB132
STOP SHOP,PMULB132
STOP SHOP,PBLKB132
STOP SHOP,PCAMB132
STOP SHOP,PTB132
STOP SHOP,PBB132
STOP SHOP,PGB132
STOP SHOP,PYB132
STOP SHOP,POB132
WARNER'S,PPB132
WARNER'S,PMULB132
WARNER'S,PBLKB132
WARNER'S,PCAMB132
WARNER'S,PTB132
JOE'S,ABB132
JOE'S,AGB132
JOE'S,AYB132
JOE'S,AOB132
JOE'S,APB132
JOE'S,AMULB132
JOE'S,ABLKB132
JOE'S,ACAMB132
CHRIS'S,ATB132
CHRIS'S,PBB132
CHRIS'S,PGB132
CHRIS'S,PYB132
CHRIS'S,POB132
CHRIS'S,PPB132
CHRIS'S,PMULB132
CHRIS'S,PBLKB132
CHRIS'S,PCAMB132
CHRIS'S,PTB132
CHRIS'S,PBB132
BUCKEYE'S,PGB132
BUCKEYE'S,PYB132
BUCKEYE'S,POB132
BUCKEYE'S,PPB132
BUCKEYE'S,PMULB132
BUCKEYE'S,PBLKB132
BUCKEYE'S,PCAMB132
BUCKEYE'S,PTB132
BUCKEYE'S,ABB132
BUCKEYE'S,AGB132
BUCKEYE'S,AYB132
BUCKEYE'S,AOB132
BUCKEYE'S,APB132
BUCKEYE'S,AMULB132
BUCKEYE'S,ABLKB132
STOP SHOP,ACAMB132
STOP SHOP,ATB132
STOP SHOP,PBB132
STOP SHOP,PGB132
STOP SHOP,PYB132
STOP SHOP,POB132
STOP SHOP,PPB132
STOP SHOP,PMULB132
STOP SHOP,PBLKB132
STOP SHOP,PCAMB132
STOP SHOP,PTB132
STOP SHOP,PBB132
STOP SHOP,PGB132
STOP SHOP,PYB132
STOP SHOP,POB132
WARNER'S,PPB132
WARNER'S,PMULB132
WARNER'S,PBLKB132
WARNER'S,PCAMB132
WARNER'S,PTB132
JOE'S,ABB132
JOE'S,AGB132
JOE'S,AYB132
JOE'S,AOB132
JOE'S,APB132
JOE'S,AMULB132
JOE'S,ABLKB132
JOE'S,ACAMB132
CHRIS'S,ATB132
CHRIS'S,PBB132
CHRIS'S,PGB132
CHRIS'S,PYB132
CHRIS'S,POB132
CHRIS'S,PPB132
CHRIS'S,PMULB132
CHRIS'S,PBLKB132
CHRIS'S,PCAMB132
CHRIS'S,PTB132
CHRIS'S,PBB132
BUCKEYE'S,PGB132
BUCKEYE'S,PYB132
BUCKEYE'S,POB132
BUCKEYE'S,PPB132
BUCKEYE'S,PMULB132
BUCKEYE'S,PBLKB132
BUCKEYE'S,PCAMB132
BUCKEYE'S,PTB132
BUCKEYE'S,ABB132
BUCKEYE'S,AGB132
BUCKEYE'S,AYB132
BUCKEYE'S,AOB132
BUCKEYE'S,APB132
BUCKEYE'S,AMULB132
BUCKEYE'S,ABLKB132
STOP SHOP,ACAMB132
STOP SHOP,ATB132
STOP SHOP,PBB132
STOP SHOP,PGB132
STOP SHOP,PYB132
STOP SHOP,POB132
STOP SHOP,PPB132
STOP SHOP,PMULB132
STOP SHOP,PBLKB132
STOP SHOP,PCAMB132
STOP SHOP,PTB132
STOP SHOP,PBB132
STOP SHOP,PGB132
STOP SHOP,PYB132
STOP SHOP,POB132
WARNER'S,PPB132
WARNER'S,PMULB132
WARNER'S,PBLKB132
WARNER'S,PCAMB132
WARNER'S,PTB132
JOE'S,ABB132
JOE'S,AGB132
JOE'S,AYB132
JOE'S,AOB132
JOE'S,APB132
JOE'S,AMULB132
JOE'S,ABLKB132
JOE'S,ACAMB132
CHRIS'S,ATB132
CHRIS'S,PBB132
CHRIS'S,PGB132
CHRIS'S,PYB132
CHRIS'S,POB132
CHRIS'S,PPB132
CHRIS'S,PMULB132
CHRIS'S,PBLKB132
CHRIS'S,PCAMB132
CHRIS'S,PTB132
CHRIS'S,PBB132
BUCKEYE'S,PGB132
BUCKEYE'S,PYB132
BUCKEYE'S,POB132
BUCKEYE'S,PPB132
BUCKEYE'S,PMULB132
BUCKEYE'S,PBLKB132
BUCKEYE'S,PCAMB132
BUCKEYE'S,PTB132
BUCKEYE'S,ABB132
BUCKEYE'S,AGB132
BUCKEYE'S,AYB132
BUCKEYE'S,AOB132
BUCKEYE'S,APB132
BUCKEYE'S,AMULB132
BUCKEYE'S,ABLKB132
STOP SHOP,ACAMB132
STOP SHOP,ATB132
STOP SHOP,PBB132
STOP SHOP,PGB132
STOP SHOP,PYB132
STOP SHOP,POB132
STOP SHOP,PPB132
STOP SHOP,PMULB132
STOP SHOP,PBLKB132
STOP SHOP,PCAMB132
STOP SHOP,PTB132
STOP SHOP,PBB132
STOP SHOP,PGB132
STOP SHOP,PYB132
STOP SHOP,POB132
WARNER'S,PPB132
WARNER'S,PMULB132
WARNER'S,PBLKB132
WARNER'S,PCAMB132
WARNER'S,PTB132
JOE'S,ABB132
JOE'S,AGB132
JOE'S,AYB132
JOE'S,AOB132
JOE'S,APB132
JOE'S,AMULB132
JOE'S,ABLKB132
JOE'S,ACAMB132
CHRIS'S,ATB132
CHRIS'S,PBB132
CHRIS'S,PGB132
CHRIS'S,PYB132
CHRIS'S,POB132
CHRIS'S,PPB132
CHRIS'S,PMULB132
CHRIS'S,PBLKB132
CHRIS'S,PCAMB132
CHRIS'S,PTB132
CHRIS'S,PBB132
BUCKEYE'S,PGB132
BUCKEYE'S,PYB132
BUCKEYE'S,POB132
BUCKEYE'S,PPB132
BUCKEYE'S,PMULB132
BUCKEYE'S,PBLKB132
BUCKEYE'S,PCAMB132
BUCKEYE'S,PTB132
BUCKEYE'S,ABB132
BUCKEYE'S,AGB132
BUCKEYE'S,AYB132
BUCKEYE'S,AOB132
BUCKEYE'S,APB132
BUCKEYE'S,AMULB132
BUCKEYE'S,ABLKB132
STOP SHOP,ACAMB132
STOP SHOP,ATB132
STOP SHOP,PBB132
STOP SHOP,PGB132
STOP SHOP,PYB132
STOP SHOP,POB132
STOP SHOP,PPB132
STOP SHOP,PMULB132
STOP SHOP,PBLKB132
STOP SHOP,PCAMB132
STOP SHOP,PTB132
STOP SHOP,PBB132
STOP SHOP,PGB132
STOP SHOP,PYB132
STOP SHOP,POB132
WARNER'S,PPB132
WARNER'S,PMULB132
WARNER'S,PBLKB132
WARNER'S,PCAMB132
WARNER'S,PTB132
JOE'S,ABB132
JOE'S,AGB132
JOE'S,AYB132
JOE'S,AOB132
JOE'S,APB132
JOE'S,AMULB132
JOE'S,ABLKB132
JOE'S,ACAMB132
CHRIS'S,ATB132
CHRIS'S,PBB132
CHRIS'S,PGB132
CHRIS'S,PYB132
CHRIS'S,POB132
CHRIS'S,PPB132
CHRIS'S,PMULB132
CHRIS'S,PBLKB132
CHRIS'S,PCAMB132
CHRIS'S,PTB132
CHRIS'S,PBB132
BUCKEYE'S,PGB132
BUCKEYE'S,PYB132
BUCKEYE'S,POB132
BUCKEYE'S,PPB132
BUCKEYE'S,PMULB132
BUCKEYE'S,PBLKB132
BUCKEYE'S,PCAMB132
BUCKEYE'S,PTB132
BUCKEYE'S,ABB132
BUCKEYE'S,AGB132
BUCKEYE'S,AYB132
BUCKEYE'S,AOB132
BUCKEYE'S,APB132
BUCKEYE'S,AMULB132
BUCKEYE'S,ABLKB132
STOP SHOP,ACAMB132
STOP SHOP,ATB132
STOP SHOP,PBB132
STOP SHOP,PGB132
STOP SHOP,PYB132
STOP SHOP,POB132
STOP SHOP,PPB132
STOP SHOP,PMULB132
STOP SHOP,PBLKB132
STOP SHOP,PCAMB132
STOP SHOP,PTB132
STOP SHOP,PBB132
STOP SHOP,PGB132
STOP SHOP,PYB132
STOP SHOP,POB132
WARNER'S,PPB132
WARNER'S,PMULB132
WARNER'S,PBLKB132
WARNER'S,PCAMB132
WARNER'S,PTB132
JOE'S,ABB132
JOE'S,AGB132
JOE'S,AYB132
JOE'S,AOB132
JOE'S,APB132
JOE'S,AMULB132
JOE'S,ABLKB132
JOE'S,ACAMB132
CHRIS'S,ATB132
CHRIS'S,PBB132
CHRIS'S,PGB132
CHRIS'S,PYB132
CHRIS'S,POB132
CHRIS'S,PPB132
CHRIS'S,PMULB132
CHRIS'S,PBLKB132
CHRIS'S,PCAMB132
CHRIS'S,PTB132
CHRIS'S,PBB132
BUCKEYE'S,PGB132
BUCKEYE'S,PYB132
BUCKEYE'S,POB132
BUCKEYE'S,PPB132
BUCKEYE'S,PMULB132
BUCKEYE'S,PBLKB132
BUCKEYE'S,PCAMB132
BUCKEYE'S,PTB132
BUCKEYE'S,ABB132
BUCKEYE'S,AGB132
BUCKEYE'S,AYB132
BUCKEYE'S,AOB132
BUCKEYE'S,APB132
BUCKEYE'S,AMULB132
BUCKEYE'S,ABLKB132
STOP SHOP,ACAMB132
STOP SHOP,ATB132
STOP SHOP,PBB132
STOP SHOP,PGB132
STOP SHOP,PYB132
STOP SHOP,POB132
STOP SHOP,PPB132
STOP SHOP,PMULB132
STOP SHOP,PBLKB132
STOP SHOP,PCAMB132
STOP SHOP,PTB132
STOP SHOP,PBB132
STOP SHOP,PGB132
STOP SHOP,PYB132
STOP SHOP,POB132
WARNER'S,PPB132
WARNER'S,PMULB132
WARNER'S,PBLKB132
WARNER'S,PCAMB132
WARNER'S,PTB132
JOE'S,ABB132
JOE'S,AGB132
JOE'S,AYB132
JOE'S,AOB132
JOE'S,APB132
JOE'S,AMULB132
JOE'S,ABLKB132
JOE'S,ACAMB132
CHRIS'S,ATB132
CHRIS'S,PBB132
CHRIS'S,PGB132
CHRIS'S,PYB132
CHRIS'S,POB132
CHRIS'S,PPB132
CHRIS'S,PMULB132
CHRIS'S,PBLKB132
CHRIS'S,PCAMB132
CHRIS'S,PTB132
CHRIS'S,PBB132
BUCKEYE'S,PGB132
BUCKEYE'S,PYB132
BUCKEYE'S,POB132
BUCKEYE'S,PPB132
BUCKEYE'S,PMULB132
BUCKEYE'S,PBLKB132
BUCKEYE'S,PCAMB132
BUCKEYE'S,PTB132
BUCKEYE'S,ABB132
BUCKEYE'S,AGB132
BUCKEYE'S,AYB132
BUCKEYE'S,AOB132
BUCKEYE'S,APB132
BUCKEYE'S,AMULB132
BUCKEYE'S,ABLKB132
STOP SHOP,ACAMB132
STOP SHOP,ATB132
STOP SHOP,PBB132
STOP SHOP,PGB132
STOP SHOP,PYB132
STOP SHOP,POB132
STOP SHOP,PPB132
STOP SHOP,PMULB132
STOP SHOP,PBLKB132
STOP SHOP,PCAMB132
STOP SHOP,PTB132
STOP SHOP,PBB132
STOP SHOP,PGB132
STOP SHOP,PYB132
STOP SHOP,POB132
WARNER'S,PPB132
WARNER'S,PMULB132
WARNER'S,PBLKB132
WARNER'S,PCAMB132
WARNER'S,PTB132
JOE'S,ABB132
JOE'S,AGB132
JOE'S,AYB132
JOE'S,AOB132
JOE'S,APB132
JOE'S,AMULB132
JOE'S,ABLKB132
JOE'S,ACAMB132
CHRIS'S,ATB132
CHRIS'S,PBB132
CHRIS'S,PGB132
CHRIS'S,PYB132
CHRIS'S,POB132
CHRIS'S,PPB132
CHRIS'S,PMULB132
CHRIS'S,PBLKB132
CHRIS'S,PCAMB132
CHRIS'S,PTB132
CHRIS'S,PBB132
BUCKEYE'S,PGB132
BUCKEYE'S,PYB132
BUCKEYE'S,POB132
BUCKEYE'S,PPB132
BUCKEYE'S,PMULB132
BUCKEYE'S,PBLKB132
BUCKEYE'S,PCAMB132
BUCKEYE'S,PTB132
BUCKEYE'S,ABB132
BUCKEYE'S,AGB132
BUCKEYE'S,AYB132
BUCKEYE'S,AOB132
BUCKEYE'S,APB132
BUCKEYE'S,AMULB132
BUCKEYE'S,ABLKB132
STOP SHOP,ACAMB132
STOP SHOP,ATB132
STOP SHOP,PBB132
STOP SHOP,PGB132
STOP SHOP,PYB132
STOP SHOP,POB132
STOP SHOP,PPB132
STOP SHOP,PMULB132
STOP SHOP,PBLKB132
STOP SHOP,PCAMB132
STOP SHOP,PTB132
STOP SHOP,PBB132
STOP SHOP,PGB132
STOP SHOP,PYB132
STOP SHOP,POB132
WARNER'S,PPB132
WARNER'S,PMULB132
WARNER'S,PBLKB132
WARNER'S,PCAMB132
WARNER'S,PTB132
JOE'S,ABB132
JOE'S,AGB132
JOE'S,AYB132
JOE'S,AOB132
JOE'S,APB132
JOE'S,AMULB132
JOE'S,ABLKB132
JOE'S,ACAMB132
CHRIS'S,ATB132
CHRIS'S,PBB132
CHRIS'S,PGB132
CHRIS'S,PYB132
CHRIS'S,POB132
CHRIS'S,PPB132
CHRIS'S,PMULB132
CHRIS'S,PBLKB132
CHRIS'S,PCAMB132
CHRIS'S,PTB132
CHRIS'S,PBB132
BUCKEYE'S,PGB132
BUCKEYE'S,PYB132
BUCKEYE'S,POB132
BUCKEYE'S,PPB132
BUCKEYE'S,PMULB132
BUCKEYE'S,PBLKB132
BUCKEYE'S,PCAMB132
BUCKEYE'S,PTB132
BUCKEYE'S,ABB132
BUCKEYE'S,AGB132
BUCKEYE'S,AYB132
BUCKEYE'S,AOB132
BUCKEYE'S,APB132
BUCKEYE'S,AMULB132
BUCKEYE'S,ABLKB132
STOP SHOP,ACAMB132
STOP SHOP,ATB132
STOP SHOP,PBB132
STOP SHOP,PGB132
STOP SHOP,PYB132
STOP SHOP,POB132
STOP SHOP,PPB132
STOP SHOP,PMULB132
STOP SHOP,PBLKB132
STOP SHOP,PCAMB132
STOP SHOP,PTB132
STOP SHOP,PBB132
STOP SHOP,PGB132
STOP SHOP,PYB132
STOP SHOP,POB132
WARNER'S,PPB132
WARNER'S,PMULB132
WARNER'S,PBLKB132
WARNER'S,PCAMB132
WARNER'S,PTB132
JOE'S,ABB132
JOE'S,AGB132
JOE'S,AYB132
JOE'S,AOB132
JOE'S,APB132
JOE'S,AMULB132
JOE'S,ABLKB132
JOE'S,ACAMB132
CHRIS'S,ATB132
CHRIS'S,PBB132
CHRIS'S,PGB132
CHRIS'S,PYB132
CHRIS'S,POB132
CHRIS'S,PPB132
CHRIS'S,PMULB132
CHRIS'S,PBLKB132
CHRIS'S,PCAMB132
CHRIS'S,PTB132
CHRIS'S,PBB132
BUCKEYE'S,PGB132
BUCKEYE'S,PYB132
BUCKEYE'S,POB132
BUCKEYE'S,PPB132
BUCKEYE'S,PMULB132
BUCKEYE'S,PBLKB132
BUCKEYE'S,PCAMB132
BUCKEYE'S,PTB132
BUCKEYE'S,ABB132
BUCKEYE'S,AGB132
BUCKEYE'S,AYB132
BUCKEYE'S,AOB132
BUCKEYE'S,APB132
BUCKEYE'S,AMULB132
BUCKEYE'S,ABLKB132
STOP SHOP,ACAMB132
STOP SHOP,ATB132
STOP SHOP,PBB132
STOP SHOP,PGB132
STOP SHOP,PYB132
STOP SHOP,POB132
STOP SHOP,PPB132
STOP SHOP,PMULB132
STOP SHOP,PBLKB132
STOP SHOP,PCAMB132
STOP SHOP,PTB132
STOP SHOP,PBB132
STOP SHOP,PGB132
STOP SHOP,PYB132
STOP SHOP,POB132
WARNER'S,PPB132
WARNER'S,PMULB132
WARNER'S,PBLKB132
WARNER'S,PCAMB132
WARNER'S,PTB132
JOE'S,ABB132
JOE'S,AGB132
JOE'S,AYB132
JOE'S,AOB132
JOE'S,APB132
JOE'S,AMULB132
JOE'S,ABLKB132
JOE'S,ACAMB132
CHRIS'S,ATB132
CHRIS'S,PBB132
CHRIS'S,PGB132
CHRIS'S,PYB132
CHRIS'S,POB132
CHRIS'S,PPB132
CHRIS'S,PMULB132
CHRIS'S,PBLKB132
CHRIS'S,PCAMB132
CHRIS'S,PTB132
CHRIS'S,PBB132
BUCKEYE'S,PGB132
BUCKEYE'S,PYB132
BUCKEYE'S,POB132
BUCKEYE'S,PPB132
BUCKEYE'S,PMULB132
BUCKEYE'S,PBLKB132
BUCKEYE'S,PCAMB132
BUCKEYE'S,PTB132
BUCKEYE'S,ABB132
BUCKEYE'S,AGB132
BUCKEYE'S,AYB132
BUCKEYE'S,AOB132
BUCKEYE'S,APB132
BUCKEYE'S,AMULB132
BUCKEYE'S,ABLKB132
STOP SHOP,ACAMB132
STOP SHOP,ATB132
STOP SHOP,PBB132
STOP SHOP,PGB132
STOP SHOP,PYB132
STOP SHOP,POB132
STOP SHOP,PPB132
STOP SHOP,PMULB132
STOP SHOP,PBLKB132
STOP SHOP,PCAMB132
STOP SHOP,PTB132
STOP SHOP,PBB132
STOP SHOP,PGB132
STOP SHOP,PYB132
STOP SHOP,POB132
WARNER'S,PPB132
WARNER'S,PMULB132
WARNER'S,PBLKB132
WARNER'S,PCAMB132
WARNER'S,PTB132
JOE'S,ABB132
JOE'S,AGB132
JOE'S,AYB132
JOE'S,AOB132
JOE'S,APB132
JOE'S,AMULB132
JOE'S,ABLKB132
JOE'S,ACAMB132
CHRIS'S,ATB132
CHRIS'S,PBB132
CHRIS'S,PGB132
CHRIS'S,PYB132
CHRIS'S,POB132
CHRIS'S,PPB132
CHRIS'S,PMULB132
CHRIS'S,PBLKB132
CHRIS'S,PCAMB132
CHRIS'S,PTB132
CHRIS'S,PBB132
BUCKEYE'S,PGB132
BUCKEYE'S,PYB132
BUCKEYE'S,POB132
BUCKEYE'S,PPB132
BUCKEYE'S,PMULB132
BUCKEYE'S,PBLKB132
BUCKEYE'S,PCAMB132
BUCKEYE'S,PTB132
BUCKEYE'S,ABB132
BUCKEYE'S,AGB132
BUCKEYE'S,AYB132
BUCKEYE'S,AOB132
BUCKEYE'S,APB132
BUCKEYE'S,AMULB132
BUCKEYE'S,ABLKB132
STOP SHOP,ACAMB132
STOP SHOP,ATB132
STOP SHOP,PBB132
STOP SHOP,PGB132
STOP SHOP,PYB132
STOP SHOP,POB132
STOP SHOP,PPB132
STOP SHOP,PMULB132
STOP SHOP,PBLKB132
STOP SHOP,PCAMB132
STOP SHOP,PTB132
STOP SHOP,PBB132
STOP SHOP,PGB132
STOP SHOP,PYB132
STOP SHOP,POB132
WARNER'S,PPB132
WARNER'S,PMULB132
WARNER'S,PBLKB132
WARNER'S,PCAMB132
WARNER'S,PTB132
JOE'S,ABB132
JOE'S,AGB132
JOE'S,AYB132
JOE'S,AOB132
JOE'S,APB132
JOE'S,AMULB132
JOE'S,ABLKB132
JOE'S,ACAMB132
CHRIS'S,ATB132
CHRIS'S,PBB132
CHRIS'S,PGB132
CHRIS'S,PYB132
CHRIS'S,POB132
CHRIS'S,PPB132
CHRIS'S,PMULB132
CHRIS'S,PBLKB132
CHRIS'S,PCAMB132
CHRIS'S,PTB132
CHRIS'S,PBB132
BUCKEYE'S,PGB132
BUCKEYE'S,PYB132
BUCKEYE'S,POB132
BUCKEYE'S,PPB132
BUCKEYE'S,PMULB132
BUCKEYE'S,PBLKB132
BUCKEYE'S,PCAMB132
BUCKEYE'S,PTB132
BUCKEYE'S,ABB132
BUCKEYE'S,AGB132
BUCKEYE'S,AYB132
BUCKEYE'S,AOB132
BUCKEYE'S,APB132
BUCKEYE'S,AMULB132
BUCKEYE'S,ABLKB132
STOP SHOP,ACAMB132
STOP SHOP,ATB132
STOP SHOP,PBB132
STOP SHOP,PGB132
STOP SHOP,PYB132
STOP SHOP,POB132
STOP SHOP,PPB132
STOP SHOP,PMULB132
STOP SHOP,PBLKB132
STOP SHOP,PCAMB132
STOP SHOP,PTB132
STOP SHOP,PBB132
STOP SHOP,PGB132
STOP SHOP,PYB132
STOP SHOP,POB132
WARNER'S,PPB132
WARNER'S,PMULB132
WARNER'S,PBLKB132
WARNER'S,PCAMB132
WARNER'S,PTB132
JOE'S,ABB132
JOE'S,AGB132
JOE'S,AYB132
JOE'S,AOB132
JOE'S,APB132
JOE'S,AMULB132
JOE'S,ABLKB132
JOE'S,ACAMB132
CHRIS'S,ATB132
CHRIS'S,PBB132
CHRIS'S,PGB132
CHRIS'S,PYB132
CHRIS'S,POB132
CHRIS'S,PPB132
CHRIS'S,PMULB132
CHRIS'S,PBLKB132
CHRIS'S,PCAMB132
CHRIS'S,PTB132
CHRIS'S,PBB132
BUCKEYE'S,PGB132
BUCKEYE'S,PYB132
BUCKEYE'S,POB132
BUCKEYE'S,PPB132
BUCKEYE'S,PMULB132
BUCKEYE'S,PBLKB132
BUCKEYE'S,PCAMB132
BUCKEYE'S,PTB132
BUCKEYE'S,ABB132
BUCKEYE'S,AGB132
BUCKEYE'S,AYB132
BUCKEYE'S,AOB132
BUCKEYE'S,APB132
BUCKEYE'S,AMULB132
BUCKEYE'S,ABLKB132
STOP SHOP,ACAMB132
STOP SHOP,ATB132
STOP SHOP,PBB132
STOP SHOP,PGB132
STOP SHOP,PYB132
STOP SHOP,POB132
STOP SHOP,PPB132
STOP SHOP,PMULB132
STOP SHOP,PBLKB132
STOP SHOP,PCAMB132
STOP SHOP,PTB132
STOP SHOP,PBB132
STOP SHOP,PGB132
STOP SHOP,PYB132
STOP SHOP,POB132
WARNER'S,PPB132
WARNER'S,PMULB132
WARNER'S,PBLKB132
WARNER'S,PCAMB132
WARNER'S,PTB132
JOE'S,ABB132
JOE'S,AGB132
JOE'S,AYB132
JOE'S,AOB132
JOE'S,APB132
JOE'S,AMULB132
JOE'S,ABLKB132
JOE'S,ACAMB132
CHRIS'S,ATB132
CHRIS'S,PBB132
CHRIS'S,PGB132
CHRIS'S,PYB132
CHRIS'S,POB132
CHRIS'S,PPB132
CHRIS'S,PMULB132
CHRIS'S,PBLKB132
CHRIS'S,PCAMB132
CHRIS'S,PTB132
CHRIS'S,PBB132
BUCKEYE'S,PGB132
BUCKEYE'S,PYB132
BUCKEYE'S,POB132
BUCKEYE'S,PPB132
BUCKEYE'S,PMULB132
BUCKEYE'S,PBLKB132
BUCKEYE'S,PCAMB132
BUCKEYE'S,PTB132
BUCKEYE'S,ABB132
BUCKEYE'S,AGB132
BUCKEYE'S,AYB132
BUCKEYE'S,AOB132
BUCKEYE'S,APB132
BUCKEYE'S,AMULB132
BUCKEYE'S,ABLKB132
STOP SHOP,ACAMB132
STOP SHOP,ATB132
STOP SHOP,PBB132
STOP SHOP,PGB132
STOP SHOP,PYB132
STOP SHOP,POB132
STOP SHOP,PPB132
STOP SHOP,PMULB132
STOP SHOP,PBLKB132
STOP SHOP,PCAMB132
STOP SHOP,PTB132
STOP SHOP,PBB132
STOP SHOP,PGB132
STOP SHOP,PYB132
STOP SHOP,POB132
WARNER'S,PPB132
WARNER'S,PMULB132
WARNER'S,PBLKB132
WARNER'S,PCAMB132
WARNER'S,PTB132
JOE'S,ABB132
JOE'S,AGB132
JOE'S,AYB132
JOE'S,AOB132
JOE'S,APB132
JOE'S,AMULB132
JOE'S,ABLKB132
JOE'S,ACAMB132
CHRIS'S,ATB132
CHRIS'S,PBB132
CHRIS'S,PGB132
CHRIS'S,PYB132
CHRIS'S,POB132
CHRIS'S,PPB132
CHRIS'S,PMULB132
CHRIS'S,PBLKB132
CHRIS'S,PCAMB132
CHRIS'S,PTB132
CHRIS'S,PBB132
BUCKEYE'S,PGB132
BUCKEYE'S,PYB132
BUCKEYE'S,POB132
BUCKEYE'S,PPB132
BUCKEYE'S,PMULB132
BUCKEYE'S,PBLKB132
BUCKEYE'S,PCAMB132
BUCKEYE'S,PTB132
BUCKEYE'S,ABB132
BUCKEYE'S,AGB132
BUCKEYE'S,AYB132
BUCKEYE'S,AOB132
BUCKEYE'S,APB132
BUCKEYE'S,AMULB132
BUCKEYE'S,ABLKB132
STOP SHOP,ACAMB132
STOP SHOP,ATB132
STOP SHOP,PBB132
STOP SHOP,PGB132
STOP SHOP,PYB132
STOP SHOP,POB132
STOP SHOP,PPB132
STOP SHOP,PMULB132
STOP SHOP,PBLKB132
STOP SHOP,PCAMB132
STOP SHOP,PTB132
STOP SHOP,PBB132
STOP SHOP,PGB132
STOP SHOP,PYB132
STOP SHOP,POB132
WARNER'S,PPB132
WARNER'S,PMULB132
WARNER'S,PBLKB132
WARNER'S,PCAMB132
WARNER'S,PTB132